Requirement already satisfied: pip in /local/scratch/clo37/anaconda3/envs/vlm_mia_llava_minigpt/lib/python3.12/site-packages (25.2)
Requirement already satisfied: wheel in /local/scratch/clo37/anaconda3/envs/vlm_mia_llava_minigpt/lib/python3.12/site-packages (0.45.1)
Requirement already satisfied: setuptools in /local/scratch/clo37/anaconda3/envs/vlm_mia_llava_minigpt/lib/python3.12/site-packages (80.9.0)
Looking in indexes: https://pypi.org/simple, https://download.pytorch.org/whl/cu126
Collecting accelerate==1.10.1
  Downloading accelerate-1.10.1-py3-none-any.whl.metadata (19 kB)
Collecting numpy<3.0.0,>=1.17 (from accelerate==1.10.1)
  Downloading numpy-2.3.4-cp312-cp312-manylinux_2_27_x86_64.manylinux_2_28_x86_64.whl.metadata (62 kB)
Collecting packaging>=20.0 (from accelerate==1.10.1)
  Using cached packaging-25.0-py3-none-any.whl.metadata (3.3 kB)
Collecting psutil (from accelerate==1.10.1)
  Downloading psutil-7.1.0-cp36-abi3-manylinux_2_12_x86_64.manylinux2010_x86_64.manylinux_2_17_x86_64.manylinux2014_x86_64.whl.metadata (23 kB)
Collecting pyyaml (from accelerate==1.10.1)
  Downloading pyyaml-6.0.3-cp312-cp312-manylinux2014_x86_64.manylinux_2_17_x86_64.manylinux_2_28_x86_64.whl.metadata (2.4 kB)
Collecting torch>=2.0.0 (from accelerate==1.10.1)
  Downloading https://download.pytorch.org/whl/cu126/torch-2.9.0%2Bcu126-cp312-cp312-manylinux_2_28_x86_64.whl.metadata (30 kB)
Collecting huggingface_hub>=0.21.0 (from accelerate==1.10.1)
  Downloading huggingface_hub-0.35.3-py3-none-any.whl.metadata (14 kB)
Collecting safetensors>=0.4.3 (from accelerate==1.10.1)
  Downloading safetensors-0.6.2-cp38-abi3-manylinux_2_17_x86_64.manylinux2014_x86_64.whl.metadata (4.1 kB)
Collecting filelock (from huggingface_hub>=0.21.0->accelerate==1.10.1)
  Downloading filelock-3.20.0-py3-none-any.whl.metadata (2.1 kB)
Collecting fsspec>=2023.5.0 (from huggingface_hub>=0.21.0->accelerate==1.10.1)
  Downloading https://download.pytorch.org/whl/fsspec-2025.9.0-py3-none-any.whl.metadata (10 kB)
Collecting requests (from huggingface_hub>=0.21.0->accelerate==1.10.1)
  Downloading requests-2.32.5-py3-none-any.whl.metadata (4.9 kB)
Collecting tqdm>=4.42.1 (from huggingface_hub>=0.21.0->accelerate==1.10.1)
  Using cached tqdm-4.67.1-py3-none-any.whl.metadata (57 kB)
Collecting typing-extensions>=3.7.4.3 (from huggingface_hub>=0.21.0->accelerate==1.10.1)
  Downloading https://download.pytorch.org/whl/typing_extensions-4.15.0-py3-none-any.whl.metadata (3.3 kB)
Collecting hf-xet<2.0.0,>=1.1.3 (from huggingface_hub>=0.21.0->accelerate==1.10.1)
  Downloading hf_xet-1.1.10-cp37-abi3-manylinux_2_17_x86_64.manylinux2014_x86_64.whl.metadata (4.7 kB)
Requirement already satisfied: setuptools in /local/scratch/clo37/anaconda3/envs/vlm_mia_llava_minigpt/lib/python3.12/site-packages (from torch>=2.0.0->accelerate==1.10.1) (80.9.0)
Collecting sympy>=1.13.3 (from torch>=2.0.0->accelerate==1.10.1)
  Downloading https://download.pytorch.org/whl/sympy-1.14.0-py3-none-any.whl.metadata (12 kB)
Collecting networkx>=2.5.1 (from torch>=2.0.0->accelerate==1.10.1)
  Downloading https://download.pytorch.org/whl/networkx-3.5-py3-none-any.whl.metadata (6.3 kB)
Collecting jinja2 (from torch>=2.0.0->accelerate==1.10.1)
  Downloading https://download.pytorch.org/whl/jinja2-3.1.6-py3-none-any.whl.metadata (2.9 kB)
Collecting nvidia-cuda-nvrtc-cu12==12.6.77 (from torch>=2.0.0->accelerate==1.10.1)
  Downloading https://download.pytorch.org/whl/cu126/nvidia_cuda_nvrtc_cu12-12.6.77-py3-none-manylinux2014_x86_64.whl.metadata (1.5 kB)
Collecting nvidia-cuda-runtime-cu12==12.6.77 (from torch>=2.0.0->accelerate==1.10.1)
  Downloading https://download.pytorch.org/whl/cu126/nvidia_cuda_runtime_cu12-12.6.77-py3-none-manylinux2014_x86_64.manylinux_2_17_x86_64.whl.metadata (1.5 kB)
Collecting nvidia-cuda-cupti-cu12==12.6.80 (from torch>=2.0.0->accelerate==1.10.1)
  Downloading https://download.pytorch.org/whl/cu126/nvidia_cuda_cupti_cu12-12.6.80-py3-none-manylinux2014_x86_64.manylinux_2_17_x86_64.whl.metadata (1.6 kB)
Collecting nvidia-cudnn-cu12==9.10.2.21 (from torch>=2.0.0->accelerate==1.10.1)
  Downloading https://download.pytorch.org/whl/nvidia_cudnn_cu12-9.10.2.21-py3-none-manylinux_2_27_x86_64.whl.metadata (1.8 kB)
Collecting nvidia-cublas-cu12==12.6.4.1 (from torch>=2.0.0->accelerate==1.10.1)
  Downloading https://download.pytorch.org/whl/cu126/nvidia_cublas_cu12-12.6.4.1-py3-none-manylinux2014_x86_64.manylinux_2_17_x86_64.whl.metadata (1.5 kB)
Collecting nvidia-cufft-cu12==11.3.0.4 (from torch>=2.0.0->accelerate==1.10.1)
  Downloading https://download.pytorch.org/whl/cu126/nvidia_cufft_cu12-11.3.0.4-py3-none-manylinux2014_x86_64.manylinux_2_17_x86_64.whl.metadata (1.5 kB)
Collecting nvidia-curand-cu12==10.3.7.77 (from torch>=2.0.0->accelerate==1.10.1)
  Downloading https://download.pytorch.org/whl/cu126/nvidia_curand_cu12-10.3.7.77-py3-none-manylinux2014_x86_64.manylinux_2_17_x86_64.whl.metadata (1.5 kB)
Collecting nvidia-cusolver-cu12==11.7.1.2 (from torch>=2.0.0->accelerate==1.10.1)
  Downloading https://download.pytorch.org/whl/cu126/nvidia_cusolver_cu12-11.7.1.2-py3-none-manylinux2014_x86_64.manylinux_2_17_x86_64.whl.metadata (1.6 kB)
Collecting nvidia-cusparse-cu12==12.5.4.2 (from torch>=2.0.0->accelerate==1.10.1)
  Downloading https://download.pytorch.org/whl/cu126/nvidia_cusparse_cu12-12.5.4.2-py3-none-manylinux2014_x86_64.manylinux_2_17_x86_64.whl.metadata (1.6 kB)
Collecting nvidia-cusparselt-cu12==0.7.1 (from torch>=2.0.0->accelerate==1.10.1)
  Downloading https://download.pytorch.org/whl/nvidia_cusparselt_cu12-0.7.1-py3-none-manylinux2014_x86_64.whl.metadata (7.0 kB)
Collecting nvidia-nccl-cu12==2.27.5 (from torch>=2.0.0->accelerate==1.10.1)
  Downloading https://download.pytorch.org/whl/nvidia_nccl_cu12-2.27.5-py3-none-manylinux2014_x86_64.manylinux_2_17_x86_64.whl.metadata (2.0 kB)
Collecting nvidia-nvshmem-cu12==3.3.20 (from torch>=2.0.0->accelerate==1.10.1)
  Downloading https://download.pytorch.org/whl/nvidia_nvshmem_cu12-3.3.20-py3-none-manylinux2014_x86_64.manylinux_2_17_x86_64.whl.metadata (2.1 kB)
Collecting nvidia-nvtx-cu12==12.6.77 (from torch>=2.0.0->accelerate==1.10.1)
  Downloading https://download.pytorch.org/whl/cu126/nvidia_nvtx_cu12-12.6.77-py3-none-manylinux2014_x86_64.manylinux_2_17_x86_64.whl.metadata (1.6 kB)
Collecting nvidia-nvjitlink-cu12==12.6.85 (from torch>=2.0.0->accelerate==1.10.1)
  Downloading https://download.pytorch.org/whl/cu126/nvidia_nvjitlink_cu12-12.6.85-py3-none-manylinux2010_x86_64.manylinux_2_12_x86_64.whl.metadata (1.5 kB)
Collecting nvidia-cufile-cu12==1.11.1.6 (from torch>=2.0.0->accelerate==1.10.1)
  Downloading https://download.pytorch.org/whl/cu126/nvidia_cufile_cu12-1.11.1.6-py3-none-manylinux2014_x86_64.manylinux_2_17_x86_64.whl.metadata (1.5 kB)
Collecting triton==3.5.0 (from torch>=2.0.0->accelerate==1.10.1)
  Downloading https://download.pytorch.org/whl/triton-3.5.0-cp312-cp312-manylinux_2_27_x86_64.manylinux_2_28_x86_64.whl.metadata (1.7 kB)
Collecting mpmath<1.4,>=1.1.0 (from sympy>=1.13.3->torch>=2.0.0->accelerate==1.10.1)
  Downloading https://download.pytorch.org/whl/mpmath-1.3.0-py3-none-any.whl (536 kB)
     ━━━━━━━━━━━━━━━━━━━━━━━━━━━━━━━━━━━━━━━━ 536.2/536.2 kB 14.4 MB/s  0:00:00
Collecting MarkupSafe>=2.0 (from jinja2->torch>=2.0.0->accelerate==1.10.1)
  Downloading markupsafe-3.0.3-cp312-cp312-manylinux2014_x86_64.manylinux_2_17_x86_64.manylinux_2_28_x86_64.whl.metadata (2.7 kB)
Collecting charset_normalizer<4,>=2 (from requests->huggingface_hub>=0.21.0->accelerate==1.10.1)
  Downloading charset_normalizer-3.4.4-cp312-cp312-manylinux2014_x86_64.manylinux_2_17_x86_64.manylinux_2_28_x86_64.whl.metadata (37 kB)
Collecting idna<4,>=2.5 (from requests->huggingface_hub>=0.21.0->accelerate==1.10.1)
  Downloading idna-3.11-py3-none-any.whl.metadata (8.4 kB)
Collecting urllib3<3,>=1.21.1 (from requests->huggingface_hub>=0.21.0->accelerate==1.10.1)
  Using cached urllib3-2.5.0-py3-none-any.whl.metadata (6.5 kB)
Collecting certifi>=2017.4.17 (from requests->huggingface_hub>=0.21.0->accelerate==1.10.1)
  Downloading certifi-2025.10.5-py3-none-any.whl.metadata (2.5 kB)
Downloading accelerate-1.10.1-py3-none-any.whl (374 kB)
Downloading numpy-2.3.4-cp312-cp312-manylinux_2_27_x86_64.manylinux_2_28_x86_64.whl (16.6 MB)
   ━━━━━━━━━━━━━━━━━━━━━━━━━━━━━━━━━━━━━━━━ 16.6/16.6 MB 64.4 MB/s  0:00:00
Downloading huggingface_hub-0.35.3-py3-none-any.whl (564 kB)
   ━━━━━━━━━━━━━━━━━━━━━━━━━━━━━━━━━━━━━━━━ 564.3/564.3 kB 25.0 MB/s  0:00:00
Downloading hf_xet-1.1.10-cp37-abi3-manylinux_2_17_x86_64.manylinux2014_x86_64.whl (3.2 MB)
   ━━━━━━━━━━━━━━━━━━━━━━━━━━━━━━━━━━━━━━━━ 3.2/3.2 MB 79.6 MB/s  0:00:00
Downloading https://download.pytorch.org/whl/fsspec-2025.9.0-py3-none-any.whl (199 kB)
Using cached packaging-25.0-py3-none-any.whl (66 kB)
Downloading pyyaml-6.0.3-cp312-cp312-manylinux2014_x86_64.manylinux_2_17_x86_64.manylinux_2_28_x86_64.whl (807 kB)
   ━━━━━━━━━━━━━━━━━━━━━━━━━━━━━━━━━━━━━━━━ 807.9/807.9 kB 42.8 MB/s  0:00:00
Downloading safetensors-0.6.2-cp38-abi3-manylinux_2_17_x86_64.manylinux2014_x86_64.whl (485 kB)
Downloading https://download.pytorch.org/whl/cu126/torch-2.9.0%2Bcu126-cp312-cp312-manylinux_2_28_x86_64.whl (832.9 MB)
   ━━━━━━━━━━━━━━━━━━━━━━━━━━━━━━━━━━━━━━━━ 832.9/832.9 MB 100.8 MB/s  0:00:04
Downloading https://download.pytorch.org/whl/cu126/nvidia_cublas_cu12-12.6.4.1-py3-none-manylinux2014_x86_64.manylinux_2_17_x86_64.whl (393.1 MB)
   ━━━━━━━━━━━━━━━━━━━━━━━━━━━━━━━━━━━━━━━━ 393.1/393.1 MB 165.0 MB/s  0:00:02
Downloading https://download.pytorch.org/whl/cu126/nvidia_cuda_cupti_cu12-12.6.80-py3-none-manylinux2014_x86_64.manylinux_2_17_x86_64.whl (8.9 MB)
   ━━━━━━━━━━━━━━━━━━━━━━━━━━━━━━━━━━━━━━━━ 8.9/8.9 MB 92.4 MB/s  0:00:00
Downloading https://download.pytorch.org/whl/cu126/nvidia_cuda_nvrtc_cu12-12.6.77-py3-none-manylinux2014_x86_64.whl (23.7 MB)
   ━━━━━━━━━━━━━━━━━━━━━━━━━━━━━━━━━━━━━━━━ 23.7/23.7 MB 166.4 MB/s  0:00:00
Downloading https://download.pytorch.org/whl/cu126/nvidia_cuda_runtime_cu12-12.6.77-py3-none-manylinux2014_x86_64.manylinux_2_17_x86_64.whl (897 kB)
   ━━━━━━━━━━━━━━━━━━━━━━━━━━━━━━━━━━━━━━━━ 897.7/897.7 kB 48.5 MB/s  0:00:00
Downloading https://download.pytorch.org/whl/nvidia_cudnn_cu12-9.10.2.21-py3-none-manylinux_2_27_x86_64.whl (706.8 MB)
   ━━━━━━━━━━━━━━━━━━━━━━━━━━━━━━━━━━━━━━━━ 706.8/706.8 MB 117.2 MB/s  0:00:03
Downloading https://download.pytorch.org/whl/cu126/nvidia_cufft_cu12-11.3.0.4-py3-none-manylinux2014_x86_64.manylinux_2_17_x86_64.whl (200.2 MB)
   ━━━━━━━━━━━━━━━━━━━━━━━━━━━━━━━━━━━━━━━━ 200.2/200.2 MB 158.6 MB/s  0:00:01
Downloading https://download.pytorch.org/whl/cu126/nvidia_cufile_cu12-1.11.1.6-py3-none-manylinux2014_x86_64.manylinux_2_17_x86_64.whl (1.1 MB)
   ━━━━━━━━━━━━━━━━━━━━━━━━━━━━━━━━━━━━━━━━ 1.1/1.1 MB 64.4 MB/s  0:00:00
Downloading https://download.pytorch.org/whl/cu126/nvidia_curand_cu12-10.3.7.77-py3-none-manylinux2014_x86_64.manylinux_2_17_x86_64.whl (56.3 MB)
   ━━━━━━━━━━━━━━━━━━━━━━━━━━━━━━━━━━━━━━━━ 56.3/56.3 MB 180.3 MB/s  0:00:00
Downloading https://download.pytorch.org/whl/cu126/nvidia_cusolver_cu12-11.7.1.2-py3-none-manylinux2014_x86_64.manylinux_2_17_x86_64.whl (158.2 MB)
   ━━━━━━━━━━━━━━━━━━━━━━━━━━━━━━━━━━━━━━━━ 158.2/158.2 MB 153.2 MB/s  0:00:01
Downloading https://download.pytorch.org/whl/cu126/nvidia_cusparse_cu12-12.5.4.2-py3-none-manylinux2014_x86_64.manylinux_2_17_x86_64.whl (216.6 MB)
   ━━━━━━━━━━━━━━━━━━━━━━━━━━━━━━━━━━━━━━━━ 216.6/216.6 MB 203.2 MB/s  0:00:01
Downloading https://download.pytorch.org/whl/nvidia_cusparselt_cu12-0.7.1-py3-none-manylinux2014_x86_64.whl (287.2 MB)
   ━━━━━━━━━━━━━━━━━━━━━━━━━━━━━━━━━━━━━━━━ 287.2/287.2 MB 196.5 MB/s  0:00:01
Downloading https://download.pytorch.org/whl/nvidia_nccl_cu12-2.27.5-py3-none-manylinux2014_x86_64.manylinux_2_17_x86_64.whl (322.3 MB)
   ━━━━━━━━━━━━━━━━━━━━━━━━━━━━━━━━━━━━━━━━ 322.3/322.3 MB 194.8 MB/s  0:00:01
Downloading https://download.pytorch.org/whl/cu126/nvidia_nvjitlink_cu12-12.6.85-py3-none-manylinux2010_x86_64.manylinux_2_12_x86_64.whl (19.7 MB)
   ━━━━━━━━━━━━━━━━━━━━━━━━━━━━━━━━━━━━━━━━ 19.7/19.7 MB 122.3 MB/s  0:00:00
Downloading https://download.pytorch.org/whl/nvidia_nvshmem_cu12-3.3.20-py3-none-manylinux2014_x86_64.manylinux_2_17_x86_64.whl (124.7 MB)
   ━━━━━━━━━━━━━━━━━━━━━━━━━━━━━━━━━━━━━━━━ 124.7/124.7 MB 192.5 MB/s  0:00:00
Downloading https://download.pytorch.org/whl/cu126/nvidia_nvtx_cu12-12.6.77-py3-none-manylinux2014_x86_64.manylinux_2_17_x86_64.whl (89 kB)
Downloading https://download.pytorch.org/whl/triton-3.5.0-cp312-cp312-manylinux_2_27_x86_64.manylinux_2_28_x86_64.whl (170.5 MB)
   ━━━━━━━━━━━━━━━━━━━━━━━━━━━━━━━━━━━━━━━━ 170.5/170.5 MB 197.4 MB/s  0:00:00
Downloading https://download.pytorch.org/whl/networkx-3.5-py3-none-any.whl (2.0 MB)
   ━━━━━━━━━━━━━━━━━━━━━━━━━━━━━━━━━━━━━━━━ 2.0/2.0 MB 79.1 MB/s  0:00:00
Downloading https://download.pytorch.org/whl/sympy-1.14.0-py3-none-any.whl (6.3 MB)
   ━━━━━━━━━━━━━━━━━━━━━━━━━━━━━━━━━━━━━━━━ 6.3/6.3 MB 136.0 MB/s  0:00:00
Using cached tqdm-4.67.1-py3-none-any.whl (78 kB)
Downloading https://download.pytorch.org/whl/typing_extensions-4.15.0-py3-none-any.whl (44 kB)
Downloading filelock-3.20.0-py3-none-any.whl (16 kB)
Downloading https://download.pytorch.org/whl/jinja2-3.1.6-py3-none-any.whl (134 kB)
Downloading markupsafe-3.0.3-cp312-cp312-manylinux2014_x86_64.manylinux_2_17_x86_64.manylinux_2_28_x86_64.whl (22 kB)
Downloading psutil-7.1.0-cp36-abi3-manylinux_2_12_x86_64.manylinux2010_x86_64.manylinux_2_17_x86_64.manylinux2014_x86_64.whl (291 kB)
Downloading requests-2.32.5-py3-none-any.whl (64 kB)
Downloading charset_normalizer-3.4.4-cp312-cp312-manylinux2014_x86_64.manylinux_2_17_x86_64.manylinux_2_28_x86_64.whl (153 kB)
Downloading idna-3.11-py3-none-any.whl (71 kB)
Using cached urllib3-2.5.0-py3-none-any.whl (129 kB)
Downloading certifi-2025.10.5-py3-none-any.whl (163 kB)
Installing collected packages: nvidia-cusparselt-cu12, mpmath, urllib3, typing-extensions, triton, tqdm, sympy, safetensors, pyyaml, psutil, packaging, nvidia-nvtx-cu12, nvidia-nvshmem-cu12, nvidia-nvjitlink-cu12, nvidia-nccl-cu12, nvidia-curand-cu12, nvidia-cufile-cu12, nvidia-cuda-runtime-cu12, nvidia-cuda-nvrtc-cu12, nvidia-cuda-cupti-cu12, nvidia-cublas-cu12, numpy, networkx, MarkupSafe, idna, hf-xet, fsspec, filelock, charset_normalizer, certifi, requests, nvidia-cusparse-cu12, nvidia-cufft-cu12, nvidia-cudnn-cu12, jinja2, nvidia-cusolver-cu12, huggingface_hub, torch, accelerate

Successfully installed MarkupSafe-3.0.3 accelerate-1.10.1 certifi-2025.10.5 charset_normalizer-3.4.4 filelock-3.20.0 fsspec-2025.9.0 hf-xet-1.1.10 huggingface_hub-0.35.3 idna-3.11 jinja2-3.1.6 mpmath-1.3.0 networkx-3.5 numpy-2.3.4 nvidia-cublas-cu12-12.6.4.1 nvidia-cuda-cupti-cu12-12.6.80 nvidia-cuda-nvrtc-cu12-12.6.77 nvidia-cuda-runtime-cu12-12.6.77 nvidia-cudnn-cu12-9.10.2.21 nvidia-cufft-cu12-11.3.0.4 nvidia-cufile-cu12-1.11.1.6 nvidia-curand-cu12-10.3.7.77 nvidia-cusolver-cu12-11.7.1.2 nvidia-cusparse-cu12-12.5.4.2 nvidia-cusparselt-cu12-0.7.1 nvidia-nccl-cu12-2.27.5 nvidia-nvjitlink-cu12-12.6.85 nvidia-nvshmem-cu12-3.3.20 nvidia-nvtx-cu12-12.6.77 packaging-25.0 psutil-7.1.0 pyyaml-6.0.3 requests-2.32.5 safetensors-0.6.2 sympy-1.14.0 torch-2.9.0+cu126 tqdm-4.67.1 triton-3.5.0 typing-extensions-4.15.0 urllib3-2.5.0
Looking in indexes: https://pypi.org/simple, https://download.pytorch.org/whl/cu126
Collecting aiohappyeyeballs==2.6.1
  Using cached aiohappyeyeballs-2.6.1-py3-none-any.whl.metadata (5.9 kB)
Using cached aiohappyeyeballs-2.6.1-py3-none-any.whl (15 kB)
Installing collected packages: aiohappyeyeballs
Successfully installed aiohappyeyeballs-2.6.1
Looking in indexes: https://pypi.org/simple, https://download.pytorch.org/whl/cu126
Collecting aiohttp==3.12.15
  Downloading aiohttp-3.12.15-cp312-cp312-manylinux_2_17_x86_64.manylinux2014_x86_64.whl.metadata (7.7 kB)
Requirement already satisfied: aiohappyeyeballs>=2.5.0 in /local/scratch/clo37/anaconda3/envs/vlm_mia_llava_minigpt/lib/python3.12/site-packages (from aiohttp==3.12.15) (2.6.1)
Collecting aiosignal>=1.4.0 (from aiohttp==3.12.15)
  Downloading aiosignal-1.4.0-py3-none-any.whl.metadata (3.7 kB)
Collecting attrs>=17.3.0 (from aiohttp==3.12.15)
  Downloading attrs-25.4.0-py3-none-any.whl.metadata (10 kB)
Collecting frozenlist>=1.1.1 (from aiohttp==3.12.15)
  Downloading frozenlist-1.8.0-cp312-cp312-manylinux1_x86_64.manylinux_2_28_x86_64.manylinux_2_5_x86_64.whl.metadata (20 kB)
Collecting multidict<7.0,>=4.5 (from aiohttp==3.12.15)
  Downloading multidict-6.7.0-cp312-cp312-manylinux2014_x86_64.manylinux_2_17_x86_64.manylinux_2_28_x86_64.whl.metadata (5.3 kB)
Collecting propcache>=0.2.0 (from aiohttp==3.12.15)
  Downloading propcache-0.4.1-cp312-cp312-manylinux2014_x86_64.manylinux_2_17_x86_64.manylinux_2_28_x86_64.whl.metadata (13 kB)
Collecting yarl<2.0,>=1.17.0 (from aiohttp==3.12.15)
  Downloading yarl-1.22.0-cp312-cp312-manylinux2014_x86_64.manylinux_2_17_x86_64.manylinux_2_28_x86_64.whl.metadata (75 kB)
Requirement already satisfied: idna>=2.0 in /local/scratch/clo37/anaconda3/envs/vlm_mia_llava_minigpt/lib/python3.12/site-packages (from yarl<2.0,>=1.17.0->aiohttp==3.12.15) (3.11)
Requirement already satisfied: typing-extensions>=4.2 in /local/scratch/clo37/anaconda3/envs/vlm_mia_llava_minigpt/lib/python3.12/site-packages (from aiosignal>=1.4.0->aiohttp==3.12.15) (4.15.0)
Downloading aiohttp-3.12.15-cp312-cp312-manylinux_2_17_x86_64.manylinux2014_x86_64.whl (1.7 MB)
   ━━━━━━━━━━━━━━━━━━━━━━━━━━━━━━━━━━━━━━━━ 1.7/1.7 MB 46.0 MB/s  0:00:00
Downloading multidict-6.7.0-cp312-cp312-manylinux2014_x86_64.manylinux_2_17_x86_64.manylinux_2_28_x86_64.whl (256 kB)
Downloading yarl-1.22.0-cp312-cp312-manylinux2014_x86_64.manylinux_2_17_x86_64.manylinux_2_28_x86_64.whl (377 kB)
Downloading aiosignal-1.4.0-py3-none-any.whl (7.5 kB)
Downloading attrs-25.4.0-py3-none-any.whl (67 kB)
Downloading frozenlist-1.8.0-cp312-cp312-manylinux1_x86_64.manylinux_2_28_x86_64.manylinux_2_5_x86_64.whl (242 kB)
Downloading propcache-0.4.1-cp312-cp312-manylinux2014_x86_64.manylinux_2_17_x86_64.manylinux_2_28_x86_64.whl (221 kB)
Installing collected packages: propcache, multidict, frozenlist, attrs, yarl, aiosignal, aiohttp

Successfully installed aiohttp-3.12.15 aiosignal-1.4.0 attrs-25.4.0 frozenlist-1.8.0 multidict-6.7.0 propcache-0.4.1 yarl-1.22.0
Looking in indexes: https://pypi.org/simple, https://download.pytorch.org/whl/cu126
Requirement already satisfied: aiosignal==1.4.0 in /local/scratch/clo37/anaconda3/envs/vlm_mia_llava_minigpt/lib/python3.12/site-packages (1.4.0)
Requirement already satisfied: frozenlist>=1.1.0 in /local/scratch/clo37/anaconda3/envs/vlm_mia_llava_minigpt/lib/python3.12/site-packages (from aiosignal==1.4.0) (1.8.0)
Requirement already satisfied: typing-extensions>=4.2 in /local/scratch/clo37/anaconda3/envs/vlm_mia_llava_minigpt/lib/python3.12/site-packages (from aiosignal==1.4.0) (4.15.0)
Looking in indexes: https://pypi.org/simple, https://download.pytorch.org/whl/cu126
Collecting annotated-types==0.7.0
  Using cached annotated_types-0.7.0-py3-none-any.whl.metadata (15 kB)
Using cached annotated_types-0.7.0-py3-none-any.whl (13 kB)
Installing collected packages: annotated-types
Successfully installed annotated-types-0.7.0
Looking in indexes: https://pypi.org/simple, https://download.pytorch.org/whl/cu126
Collecting antlr4-python3-runtime==4.9.3
  Using cached antlr4-python3-runtime-4.9.3.tar.gz (117 kB)
  Preparing metadata (setup.py): started
  Preparing metadata (setup.py): finished with status 'done'
Building wheels for collected packages: antlr4-python3-runtime
  DEPRECATION: Building 'antlr4-python3-runtime' using the legacy setup.py bdist_wheel mechanism, which will be removed in a future version. pip 25.3 will enforce this behaviour change. A possible replacement is to use the standardized build interface by setting the `--use-pep517` option, (possibly combined with `--no-build-isolation`), or adding a `pyproject.toml` file to the source tree of 'antlr4-python3-runtime'. Discussion can be found at https://github.com/pypa/pip/issues/6334
  Building wheel for antlr4-python3-runtime (setup.py): started
  Building wheel for antlr4-python3-runtime (setup.py): finished with status 'done'
  Created wheel for antlr4-python3-runtime: filename=antlr4_python3_runtime-4.9.3-py3-none-any.whl size=144591 sha256=9a34cb0f224722c7f6360e245e5409873f32e45adef2d1fc00798a4be2bf6a1a
  Stored in directory: /local/scratch/clo37/.cache/pip/wheels/1f/be/48/13754633f1d08d1fbfc60d5e80ae1e5d7329500477685286cd
Successfully built antlr4-python3-runtime
Installing collected packages: antlr4-python3-runtime
Successfully installed antlr4-python3-runtime-4.9.3
Looking in indexes: https://pypi.org/simple, https://download.pytorch.org/whl/cu126
Collecting attrs==25.3.0
  Using cached attrs-25.3.0-py3-none-any.whl.metadata (10 kB)
Using cached attrs-25.3.0-py3-none-any.whl (63 kB)
Installing collected packages: attrs
  Attempting uninstall: attrs
    Found existing installation: attrs 25.4.0
    Uninstalling attrs-25.4.0:
      Successfully uninstalled attrs-25.4.0
Successfully installed attrs-25.3.0
Looking in indexes: https://pypi.org/simple, https://download.pytorch.org/whl/cu126
Collecting braceexpand==0.1.7
  Downloading braceexpand-0.1.7-py2.py3-none-any.whl.metadata (3.0 kB)
Downloading braceexpand-0.1.7-py2.py3-none-any.whl (5.9 kB)
Installing collected packages: braceexpand
Successfully installed braceexpand-0.1.7
Looking in indexes: https://pypi.org/simple, https://download.pytorch.org/whl/cu126
Collecting certifi==2025.7.14
  Downloading certifi-2025.7.14-py3-none-any.whl.metadata (2.4 kB)
Downloading certifi-2025.7.14-py3-none-any.whl (162 kB)
Installing collected packages: certifi
  Attempting uninstall: certifi
    Found existing installation: certifi 2025.10.5
    Uninstalling certifi-2025.10.5:
      Successfully uninstalled certifi-2025.10.5
Successfully installed certifi-2025.7.14
Looking in indexes: https://pypi.org/simple, https://download.pytorch.org/whl/cu126
Collecting charset-normalizer==3.4.2
  Downloading charset_normalizer-3.4.2-cp312-cp312-manylinux_2_17_x86_64.manylinux2014_x86_64.whl.metadata (35 kB)
Downloading charset_normalizer-3.4.2-cp312-cp312-manylinux_2_17_x86_64.manylinux2014_x86_64.whl (148 kB)
Installing collected packages: charset-normalizer
  Attempting uninstall: charset-normalizer
    Found existing installation: charset-normalizer 3.4.4
    Uninstalling charset-normalizer-3.4.4:
      Successfully uninstalled charset-normalizer-3.4.4
Successfully installed charset-normalizer-3.4.2
Looking in indexes: https://pypi.org/simple, https://download.pytorch.org/whl/cu126
Collecting click==8.3.0
  Downloading click-8.3.0-py3-none-any.whl.metadata (2.6 kB)
Downloading click-8.3.0-py3-none-any.whl (107 kB)
Installing collected packages: click
Successfully installed click-8.3.0
Looking in indexes: https://pypi.org/simple, https://download.pytorch.org/whl/cu126
Collecting contourpy==1.3.3
  Downloading contourpy-1.3.3-cp312-cp312-manylinux_2_27_x86_64.manylinux_2_28_x86_64.whl.metadata (5.5 kB)
Requirement already satisfied: numpy>=1.25 in /local/scratch/clo37/anaconda3/envs/vlm_mia_llava_minigpt/lib/python3.12/site-packages (from contourpy==1.3.3) (2.3.4)
Downloading contourpy-1.3.3-cp312-cp312-manylinux_2_27_x86_64.manylinux_2_28_x86_64.whl (362 kB)
Installing collected packages: contourpy
Successfully installed contourpy-1.3.3
Looking in indexes: https://pypi.org/simple, https://download.pytorch.org/whl/cu126
Collecting cycler==0.12.1
  Using cached cycler-0.12.1-py3-none-any.whl.metadata (3.8 kB)
Using cached cycler-0.12.1-py3-none-any.whl (8.3 kB)
Installing collected packages: cycler
Successfully installed cycler-0.12.1
Looking in indexes: https://pypi.org/simple, https://download.pytorch.org/whl/cu126
Collecting datasets==4.1.1
  Downloading datasets-4.1.1-py3-none-any.whl.metadata (18 kB)
Requirement already satisfied: filelock in /local/scratch/clo37/anaconda3/envs/vlm_mia_llava_minigpt/lib/python3.12/site-packages (from datasets==4.1.1) (3.20.0)
Requirement already satisfied: numpy>=1.17 in /local/scratch/clo37/anaconda3/envs/vlm_mia_llava_minigpt/lib/python3.12/site-packages (from datasets==4.1.1) (2.3.4)
Collecting pyarrow>=21.0.0 (from datasets==4.1.1)
  Downloading pyarrow-21.0.0-cp312-cp312-manylinux_2_28_x86_64.whl.metadata (3.3 kB)
Collecting dill<0.4.1,>=0.3.0 (from datasets==4.1.1)
  Downloading dill-0.4.0-py3-none-any.whl.metadata (10 kB)
Collecting pandas (from datasets==4.1.1)
  Downloading pandas-2.3.3-cp312-cp312-manylinux_2_24_x86_64.manylinux_2_28_x86_64.whl.metadata (91 kB)
Requirement already satisfied: requests>=2.32.2 in /local/scratch/clo37/anaconda3/envs/vlm_mia_llava_minigpt/lib/python3.12/site-packages (from datasets==4.1.1) (2.32.5)
Requirement already satisfied: tqdm>=4.66.3 in /local/scratch/clo37/anaconda3/envs/vlm_mia_llava_minigpt/lib/python3.12/site-packages (from datasets==4.1.1) (4.67.1)
Collecting xxhash (from datasets==4.1.1)
  Downloading xxhash-3.6.0-cp312-cp312-manylinux2014_x86_64.manylinux_2_17_x86_64.manylinux_2_28_x86_64.whl.metadata (13 kB)
Collecting multiprocess<0.70.17 (from datasets==4.1.1)
  Downloading multiprocess-0.70.16-py312-none-any.whl.metadata (7.2 kB)
Requirement already satisfied: fsspec<=2025.9.0,>=2023.1.0 in /local/scratch/clo37/anaconda3/envs/vlm_mia_llava_minigpt/lib/python3.12/site-packages (from fsspec[http]<=2025.9.0,>=2023.1.0->datasets==4.1.1) (2025.9.0)
Requirement already satisfied: huggingface-hub>=0.24.0 in /local/scratch/clo37/anaconda3/envs/vlm_mia_llava_minigpt/lib/python3.12/site-packages (from datasets==4.1.1) (0.35.3)
Requirement already satisfied: packaging in /local/scratch/clo37/anaconda3/envs/vlm_mia_llava_minigpt/lib/python3.12/site-packages (from datasets==4.1.1) (25.0)
Requirement already satisfied: pyyaml>=5.1 in /local/scratch/clo37/anaconda3/envs/vlm_mia_llava_minigpt/lib/python3.12/site-packages (from datasets==4.1.1) (6.0.3)
Requirement already satisfied: aiohttp!=4.0.0a0,!=4.0.0a1 in /local/scratch/clo37/anaconda3/envs/vlm_mia_llava_minigpt/lib/python3.12/site-packages (from fsspec[http]<=2025.9.0,>=2023.1.0->datasets==4.1.1) (3.12.15)
Requirement already satisfied: aiohappyeyeballs>=2.5.0 in /local/scratch/clo37/anaconda3/envs/vlm_mia_llava_minigpt/lib/python3.12/site-packages (from aiohttp!=4.0.0a0,!=4.0.0a1->fsspec[http]<=2025.9.0,>=2023.1.0->datasets==4.1.1) (2.6.1)
Requirement already satisfied: aiosignal>=1.4.0 in /local/scratch/clo37/anaconda3/envs/vlm_mia_llava_minigpt/lib/python3.12/site-packages (from aiohttp!=4.0.0a0,!=4.0.0a1->fsspec[http]<=2025.9.0,>=2023.1.0->datasets==4.1.1) (1.4.0)
Requirement already satisfied: attrs>=17.3.0 in /local/scratch/clo37/anaconda3/envs/vlm_mia_llava_minigpt/lib/python3.12/site-packages (from aiohttp!=4.0.0a0,!=4.0.0a1->fsspec[http]<=2025.9.0,>=2023.1.0->datasets==4.1.1) (25.3.0)
Requirement already satisfied: frozenlist>=1.1.1 in /local/scratch/clo37/anaconda3/envs/vlm_mia_llava_minigpt/lib/python3.12/site-packages (from aiohttp!=4.0.0a0,!=4.0.0a1->fsspec[http]<=2025.9.0,>=2023.1.0->datasets==4.1.1) (1.8.0)
Requirement already satisfied: multidict<7.0,>=4.5 in /local/scratch/clo37/anaconda3/envs/vlm_mia_llava_minigpt/lib/python3.12/site-packages (from aiohttp!=4.0.0a0,!=4.0.0a1->fsspec[http]<=2025.9.0,>=2023.1.0->datasets==4.1.1) (6.7.0)
Requirement already satisfied: propcache>=0.2.0 in /local/scratch/clo37/anaconda3/envs/vlm_mia_llava_minigpt/lib/python3.12/site-packages (from aiohttp!=4.0.0a0,!=4.0.0a1->fsspec[http]<=2025.9.0,>=2023.1.0->datasets==4.1.1) (0.4.1)
Requirement already satisfied: yarl<2.0,>=1.17.0 in /local/scratch/clo37/anaconda3/envs/vlm_mia_llava_minigpt/lib/python3.12/site-packages (from aiohttp!=4.0.0a0,!=4.0.0a1->fsspec[http]<=2025.9.0,>=2023.1.0->datasets==4.1.1) (1.22.0)
Requirement already satisfied: idna>=2.0 in /local/scratch/clo37/anaconda3/envs/vlm_mia_llava_minigpt/lib/python3.12/site-packages (from yarl<2.0,>=1.17.0->aiohttp!=4.0.0a0,!=4.0.0a1->fsspec[http]<=2025.9.0,>=2023.1.0->datasets==4.1.1) (3.11)
Requirement already satisfied: typing-extensions>=4.2 in /local/scratch/clo37/anaconda3/envs/vlm_mia_llava_minigpt/lib/python3.12/site-packages (from aiosignal>=1.4.0->aiohttp!=4.0.0a0,!=4.0.0a1->fsspec[http]<=2025.9.0,>=2023.1.0->datasets==4.1.1) (4.15.0)
Requirement already satisfied: hf-xet<2.0.0,>=1.1.3 in /local/scratch/clo37/anaconda3/envs/vlm_mia_llava_minigpt/lib/python3.12/site-packages (from huggingface-hub>=0.24.0->datasets==4.1.1) (1.1.10)
Requirement already satisfied: charset_normalizer<4,>=2 in /local/scratch/clo37/anaconda3/envs/vlm_mia_llava_minigpt/lib/python3.12/site-packages (from requests>=2.32.2->datasets==4.1.1) (3.4.2)
Requirement already satisfied: urllib3<3,>=1.21.1 in /local/scratch/clo37/anaconda3/envs/vlm_mia_llava_minigpt/lib/python3.12/site-packages (from requests>=2.32.2->datasets==4.1.1) (2.5.0)
Requirement already satisfied: certifi>=2017.4.17 in /local/scratch/clo37/anaconda3/envs/vlm_mia_llava_minigpt/lib/python3.12/site-packages (from requests>=2.32.2->datasets==4.1.1) (2025.7.14)
Collecting python-dateutil>=2.8.2 (from pandas->datasets==4.1.1)
  Using cached python_dateutil-2.9.0.post0-py2.py3-none-any.whl.metadata (8.4 kB)
Collecting pytz>=2020.1 (from pandas->datasets==4.1.1)
  Using cached pytz-2025.2-py2.py3-none-any.whl.metadata (22 kB)
Collecting tzdata>=2022.7 (from pandas->datasets==4.1.1)
  Using cached tzdata-2025.2-py2.py3-none-any.whl.metadata (1.4 kB)
Collecting six>=1.5 (from python-dateutil>=2.8.2->pandas->datasets==4.1.1)
  Using cached six-1.17.0-py2.py3-none-any.whl.metadata (1.7 kB)
Downloading datasets-4.1.1-py3-none-any.whl (503 kB)
Downloading dill-0.4.0-py3-none-any.whl (119 kB)
Downloading multiprocess-0.70.16-py312-none-any.whl (146 kB)
Downloading pyarrow-21.0.0-cp312-cp312-manylinux_2_28_x86_64.whl (42.8 MB)
   ━━━━━━━━━━━━━━━━━━━━━━━━━━━━━━━━━━━━━━━━ 42.8/42.8 MB 127.6 MB/s  0:00:00
Downloading pandas-2.3.3-cp312-cp312-manylinux_2_24_x86_64.manylinux_2_28_x86_64.whl (12.4 MB)
   ━━━━━━━━━━━━━━━━━━━━━━━━━━━━━━━━━━━━━━━━ 12.4/12.4 MB 126.1 MB/s  0:00:00
Using cached python_dateutil-2.9.0.post0-py2.py3-none-any.whl (229 kB)
Using cached pytz-2025.2-py2.py3-none-any.whl (509 kB)
Using cached six-1.17.0-py2.py3-none-any.whl (11 kB)
Using cached tzdata-2025.2-py2.py3-none-any.whl (347 kB)
Downloading xxhash-3.6.0-cp312-cp312-manylinux2014_x86_64.manylinux_2_17_x86_64.manylinux_2_28_x86_64.whl (193 kB)
Installing collected packages: pytz, xxhash, tzdata, six, pyarrow, dill, python-dateutil, multiprocess, pandas, datasets

Successfully installed datasets-4.1.1 dill-0.4.0 multiprocess-0.70.16 pandas-2.3.3 pyarrow-21.0.0 python-dateutil-2.9.0.post0 pytz-2025.2 six-1.17.0 tzdata-2025.2 xxhash-3.6.0
Looking in indexes: https://pypi.org/simple, https://download.pytorch.org/whl/cu126
Collecting decord==0.6.0
  Downloading decord-0.6.0-py3-none-manylinux2010_x86_64.whl.metadata (422 bytes)
Requirement already satisfied: numpy>=1.14.0 in /local/scratch/clo37/anaconda3/envs/vlm_mia_llava_minigpt/lib/python3.12/site-packages (from decord==0.6.0) (2.3.4)
Downloading decord-0.6.0-py3-none-manylinux2010_x86_64.whl (13.6 MB)
   ━━━━━━━━━━━━━━━━━━━━━━━━━━━━━━━━━━━━━━━━ 13.6/13.6 MB 63.3 MB/s  0:00:00
Installing collected packages: decord
Successfully installed decord-0.6.0
Looking in indexes: https://pypi.org/simple, https://download.pytorch.org/whl/cu126
Requirement already satisfied: dill==0.4.0 in /local/scratch/clo37/anaconda3/envs/vlm_mia_llava_minigpt/lib/python3.12/site-packages (0.4.0)
Looking in indexes: https://pypi.org/simple, https://download.pytorch.org/whl/cu126
Collecting filelock==3.18.0
  Using cached filelock-3.18.0-py3-none-any.whl.metadata (2.9 kB)
Using cached filelock-3.18.0-py3-none-any.whl (16 kB)
Installing collected packages: filelock
  Attempting uninstall: filelock
    Found existing installation: filelock 3.20.0
    Uninstalling filelock-3.20.0:
      Successfully uninstalled filelock-3.20.0
Successfully installed filelock-3.18.0
Looking in indexes: https://pypi.org/simple, https://download.pytorch.org/whl/cu126
Collecting fonttools==4.60.1
  Downloading fonttools-4.60.1-cp312-cp312-manylinux1_x86_64.manylinux2014_x86_64.manylinux_2_17_x86_64.manylinux_2_5_x86_64.whl.metadata (112 kB)
Downloading fonttools-4.60.1-cp312-cp312-manylinux1_x86_64.manylinux2014_x86_64.manylinux_2_17_x86_64.manylinux_2_5_x86_64.whl (4.9 MB)
   ━━━━━━━━━━━━━━━━━━━━━━━━━━━━━━━━━━━━━━━━ 4.9/4.9 MB 39.4 MB/s  0:00:00
Installing collected packages: fonttools
Successfully installed fonttools-4.60.1
Looking in indexes: https://pypi.org/simple, https://download.pytorch.org/whl/cu126
Collecting frozenlist==1.7.0
  Downloading frozenlist-1.7.0-cp312-cp312-manylinux_2_5_x86_64.manylinux1_x86_64.manylinux_2_17_x86_64.manylinux2014_x86_64.whl.metadata (18 kB)
Downloading frozenlist-1.7.0-cp312-cp312-manylinux_2_5_x86_64.manylinux1_x86_64.manylinux_2_17_x86_64.manylinux2014_x86_64.whl (241 kB)
Installing collected packages: frozenlist
  Attempting uninstall: frozenlist
    Found existing installation: frozenlist 1.8.0
    Uninstalling frozenlist-1.8.0:
      Successfully uninstalled frozenlist-1.8.0
Successfully installed frozenlist-1.7.0
Looking in indexes: https://pypi.org/simple, https://download.pytorch.org/whl/cu126
Collecting fsspec==2025.7.0
  Downloading fsspec-2025.7.0-py3-none-any.whl.metadata (12 kB)
Downloading fsspec-2025.7.0-py3-none-any.whl (199 kB)
Installing collected packages: fsspec
  Attempting uninstall: fsspec
    Found existing installation: fsspec 2025.9.0
    Uninstalling fsspec-2025.9.0:
      Successfully uninstalled fsspec-2025.9.0
Successfully installed fsspec-2025.7.0
Looking in indexes: https://pypi.org/simple, https://download.pytorch.org/whl/cu126
Collecting gitdb==4.0.12
  Downloading gitdb-4.0.12-py3-none-any.whl.metadata (1.2 kB)
Collecting smmap<6,>=3.0.1 (from gitdb==4.0.12)
  Downloading smmap-5.0.2-py3-none-any.whl.metadata (4.3 kB)
Downloading gitdb-4.0.12-py3-none-any.whl (62 kB)
Downloading smmap-5.0.2-py3-none-any.whl (24 kB)
Installing collected packages: smmap, gitdb

Successfully installed gitdb-4.0.12 smmap-5.0.2
Looking in indexes: https://pypi.org/simple, https://download.pytorch.org/whl/cu126
Collecting GitPython==3.1.45
  Downloading gitpython-3.1.45-py3-none-any.whl.metadata (13 kB)
Requirement already satisfied: gitdb<5,>=4.0.1 in /local/scratch/clo37/anaconda3/envs/vlm_mia_llava_minigpt/lib/python3.12/site-packages (from GitPython==3.1.45) (4.0.12)
Requirement already satisfied: smmap<6,>=3.0.1 in /local/scratch/clo37/anaconda3/envs/vlm_mia_llava_minigpt/lib/python3.12/site-packages (from gitdb<5,>=4.0.1->GitPython==3.1.45) (5.0.2)
Downloading gitpython-3.1.45-py3-none-any.whl (208 kB)
Installing collected packages: GitPython
Successfully installed GitPython-3.1.45
Looking in indexes: https://pypi.org/simple, https://download.pytorch.org/whl/cu126
Collecting hf-xet==1.1.5
  Using cached hf_xet-1.1.5-cp37-abi3-manylinux_2_17_x86_64.manylinux2014_x86_64.whl.metadata (879 bytes)
Using cached hf_xet-1.1.5-cp37-abi3-manylinux_2_17_x86_64.manylinux2014_x86_64.whl (3.1 MB)
Installing collected packages: hf-xet
  Attempting uninstall: hf-xet
    Found existing installation: hf-xet 1.1.10
    Uninstalling hf-xet-1.1.10:
      Successfully uninstalled hf-xet-1.1.10
Successfully installed hf-xet-1.1.5
Looking in indexes: https://pypi.org/simple, https://download.pytorch.org/whl/cu126
Requirement already satisfied: huggingface-hub==0.35.3 in /local/scratch/clo37/anaconda3/envs/vlm_mia_llava_minigpt/lib/python3.12/site-packages (0.35.3)
Requirement already satisfied: filelock in /local/scratch/clo37/anaconda3/envs/vlm_mia_llava_minigpt/lib/python3.12/site-packages (from huggingface-hub==0.35.3) (3.18.0)
Requirement already satisfied: fsspec>=2023.5.0 in /local/scratch/clo37/anaconda3/envs/vlm_mia_llava_minigpt/lib/python3.12/site-packages (from huggingface-hub==0.35.3) (2025.7.0)
Requirement already satisfied: packaging>=20.9 in /local/scratch/clo37/anaconda3/envs/vlm_mia_llava_minigpt/lib/python3.12/site-packages (from huggingface-hub==0.35.3) (25.0)
Requirement already satisfied: pyyaml>=5.1 in /local/scratch/clo37/anaconda3/envs/vlm_mia_llava_minigpt/lib/python3.12/site-packages (from huggingface-hub==0.35.3) (6.0.3)
Requirement already satisfied: requests in /local/scratch/clo37/anaconda3/envs/vlm_mia_llava_minigpt/lib/python3.12/site-packages (from huggingface-hub==0.35.3) (2.32.5)
Requirement already satisfied: tqdm>=4.42.1 in /local/scratch/clo37/anaconda3/envs/vlm_mia_llava_minigpt/lib/python3.12/site-packages (from huggingface-hub==0.35.3) (4.67.1)
Requirement already satisfied: typing-extensions>=3.7.4.3 in /local/scratch/clo37/anaconda3/envs/vlm_mia_llava_minigpt/lib/python3.12/site-packages (from huggingface-hub==0.35.3) (4.15.0)
Requirement already satisfied: hf-xet<2.0.0,>=1.1.3 in /local/scratch/clo37/anaconda3/envs/vlm_mia_llava_minigpt/lib/python3.12/site-packages (from huggingface-hub==0.35.3) (1.1.5)
Requirement already satisfied: charset_normalizer<4,>=2 in /local/scratch/clo37/anaconda3/envs/vlm_mia_llava_minigpt/lib/python3.12/site-packages (from requests->huggingface-hub==0.35.3) (3.4.2)
Requirement already satisfied: idna<4,>=2.5 in /local/scratch/clo37/anaconda3/envs/vlm_mia_llava_minigpt/lib/python3.12/site-packages (from requests->huggingface-hub==0.35.3) (3.11)
Requirement already satisfied: urllib3<3,>=1.21.1 in /local/scratch/clo37/anaconda3/envs/vlm_mia_llava_minigpt/lib/python3.12/site-packages (from requests->huggingface-hub==0.35.3) (2.5.0)
Requirement already satisfied: certifi>=2017.4.17 in /local/scratch/clo37/anaconda3/envs/vlm_mia_llava_minigpt/lib/python3.12/site-packages (from requests->huggingface-hub==0.35.3) (2025.7.14)
Looking in indexes: https://pypi.org/simple, https://download.pytorch.org/whl/cu126
Collecting hydra-core==1.3.2
  Using cached hydra_core-1.3.2-py3-none-any.whl.metadata (5.5 kB)
Collecting omegaconf<2.4,>=2.2 (from hydra-core==1.3.2)
  Using cached omegaconf-2.3.0-py3-none-any.whl.metadata (3.9 kB)
Requirement already satisfied: antlr4-python3-runtime==4.9.* in /local/scratch/clo37/anaconda3/envs/vlm_mia_llava_minigpt/lib/python3.12/site-packages (from hydra-core==1.3.2) (4.9.3)
Requirement already satisfied: packaging in /local/scratch/clo37/anaconda3/envs/vlm_mia_llava_minigpt/lib/python3.12/site-packages (from hydra-core==1.3.2) (25.0)
Requirement already satisfied: PyYAML>=5.1.0 in /local/scratch/clo37/anaconda3/envs/vlm_mia_llava_minigpt/lib/python3.12/site-packages (from omegaconf<2.4,>=2.2->hydra-core==1.3.2) (6.0.3)
Using cached hydra_core-1.3.2-py3-none-any.whl (154 kB)
Using cached omegaconf-2.3.0-py3-none-any.whl (79 kB)
Installing collected packages: omegaconf, hydra-core

Successfully installed hydra-core-1.3.2 omegaconf-2.3.0
Looking in indexes: https://pypi.org/simple, https://download.pytorch.org/whl/cu126
Collecting idna==3.10
  Using cached idna-3.10-py3-none-any.whl.metadata (10 kB)
Using cached idna-3.10-py3-none-any.whl (70 kB)
Installing collected packages: idna
  Attempting uninstall: idna
    Found existing installation: idna 3.11
    Uninstalling idna-3.11:
      Successfully uninstalled idna-3.11
Successfully installed idna-3.10
Looking in indexes: https://pypi.org/simple, https://download.pytorch.org/whl/cu126
Collecting imageio==2.37.0
  Downloading imageio-2.37.0-py3-none-any.whl.metadata (5.2 kB)
Requirement already satisfied: numpy in /local/scratch/clo37/anaconda3/envs/vlm_mia_llava_minigpt/lib/python3.12/site-packages (from imageio==2.37.0) (2.3.4)
Collecting pillow>=8.3.2 (from imageio==2.37.0)
  Downloading pillow-12.0.0-cp312-cp312-manylinux_2_27_x86_64.manylinux_2_28_x86_64.whl.metadata (8.8 kB)
Downloading imageio-2.37.0-py3-none-any.whl (315 kB)
Downloading pillow-12.0.0-cp312-cp312-manylinux_2_27_x86_64.manylinux_2_28_x86_64.whl (7.0 MB)
   ━━━━━━━━━━━━━━━━━━━━━━━━━━━━━━━━━━━━━━━━ 7.0/7.0 MB 53.0 MB/s  0:00:00
Installing collected packages: pillow, imageio

Successfully installed imageio-2.37.0 pillow-12.0.0
Looking in indexes: https://pypi.org/simple, https://download.pytorch.org/whl/cu126
Collecting iopath==0.1.10
  Downloading iopath-0.1.10.tar.gz (42 kB)
  Preparing metadata (setup.py): started
  Preparing metadata (setup.py): finished with status 'done'
Requirement already satisfied: tqdm in /local/scratch/clo37/anaconda3/envs/vlm_mia_llava_minigpt/lib/python3.12/site-packages (from iopath==0.1.10) (4.67.1)
Requirement already satisfied: typing_extensions in /local/scratch/clo37/anaconda3/envs/vlm_mia_llava_minigpt/lib/python3.12/site-packages (from iopath==0.1.10) (4.15.0)
Collecting portalocker (from iopath==0.1.10)
  Downloading portalocker-3.2.0-py3-none-any.whl.metadata (8.7 kB)
Downloading portalocker-3.2.0-py3-none-any.whl (22 kB)
Building wheels for collected packages: iopath
  DEPRECATION: Building 'iopath' using the legacy setup.py bdist_wheel mechanism, which will be removed in a future version. pip 25.3 will enforce this behaviour change. A possible replacement is to use the standardized build interface by setting the `--use-pep517` option, (possibly combined with `--no-build-isolation`), or adding a `pyproject.toml` file to the source tree of 'iopath'. Discussion can be found at https://github.com/pypa/pip/issues/6334
  Building wheel for iopath (setup.py): started
  Building wheel for iopath (setup.py): finished with status 'done'
  Created wheel for iopath: filename=iopath-0.1.10-py3-none-any.whl size=31600 sha256=6bb0c5656894cb41b33737b5547a2032eec9e8fcdd6c590ab43e463049879571
  Stored in directory: /local/scratch/clo37/.cache/pip/wheels/7c/96/04/4f5f31ff812f684f69f40cb1634357812220aac58d4698048c
Successfully built iopath
Installing collected packages: portalocker, iopath

Successfully installed iopath-0.1.10 portalocker-3.2.0
Looking in indexes: https://pypi.org/simple, https://download.pytorch.org/whl/cu126
Requirement already satisfied: Jinja2==3.1.6 in /local/scratch/clo37/anaconda3/envs/vlm_mia_llava_minigpt/lib/python3.12/site-packages (3.1.6)
Requirement already satisfied: MarkupSafe>=2.0 in /local/scratch/clo37/anaconda3/envs/vlm_mia_llava_minigpt/lib/python3.12/site-packages (from Jinja2==3.1.6) (3.0.3)
Looking in indexes: https://pypi.org/simple, https://download.pytorch.org/whl/cu126
Collecting joblib==1.5.2
  Downloading joblib-1.5.2-py3-none-any.whl.metadata (5.6 kB)
Downloading joblib-1.5.2-py3-none-any.whl (308 kB)
Installing collected packages: joblib
Successfully installed joblib-1.5.2
Looking in indexes: https://pypi.org/simple, https://download.pytorch.org/whl/cu126
Collecting kiwisolver==1.4.9
  Downloading kiwisolver-1.4.9-cp312-cp312-manylinux2014_x86_64.manylinux_2_17_x86_64.whl.metadata (6.3 kB)
Downloading kiwisolver-1.4.9-cp312-cp312-manylinux2014_x86_64.manylinux_2_17_x86_64.whl (1.5 MB)
   ━━━━━━━━━━━━━━━━━━━━━━━━━━━━━━━━━━━━━━━━ 1.5/1.5 MB 23.7 MB/s  0:00:00
Installing collected packages: kiwisolver
Successfully installed kiwisolver-1.4.9
Looking in indexes: https://pypi.org/simple, https://download.pytorch.org/whl/cu126
Collecting lazy_loader==0.4
  Downloading lazy_loader-0.4-py3-none-any.whl.metadata (7.6 kB)
Requirement already satisfied: packaging in /local/scratch/clo37/anaconda3/envs/vlm_mia_llava_minigpt/lib/python3.12/site-packages (from lazy_loader==0.4) (25.0)
Downloading lazy_loader-0.4-py3-none-any.whl (12 kB)
Installing collected packages: lazy_loader
Successfully installed lazy_loader-0.4
Looking in indexes: https://pypi.org/simple, https://download.pytorch.org/whl/cu126
Collecting MarkupSafe==3.0.2
  Downloading MarkupSafe-3.0.2-cp312-cp312-manylinux_2_17_x86_64.manylinux2014_x86_64.whl.metadata (4.0 kB)
Downloading MarkupSafe-3.0.2-cp312-cp312-manylinux_2_17_x86_64.manylinux2014_x86_64.whl (23 kB)
Installing collected packages: MarkupSafe
  Attempting uninstall: MarkupSafe
    Found existing installation: MarkupSafe 3.0.3
    Uninstalling MarkupSafe-3.0.3:
      Successfully uninstalled MarkupSafe-3.0.3
Successfully installed MarkupSafe-3.0.2
Looking in indexes: https://pypi.org/simple, https://download.pytorch.org/whl/cu126
Collecting matplotlib==3.10.6
  Downloading matplotlib-3.10.6-cp312-cp312-manylinux2014_x86_64.manylinux_2_17_x86_64.whl.metadata (11 kB)
Requirement already satisfied: contourpy>=1.0.1 in /local/scratch/clo37/anaconda3/envs/vlm_mia_llava_minigpt/lib/python3.12/site-packages (from matplotlib==3.10.6) (1.3.3)
Requirement already satisfied: cycler>=0.10 in /local/scratch/clo37/anaconda3/envs/vlm_mia_llava_minigpt/lib/python3.12/site-packages (from matplotlib==3.10.6) (0.12.1)
Requirement already satisfied: fonttools>=4.22.0 in /local/scratch/clo37/anaconda3/envs/vlm_mia_llava_minigpt/lib/python3.12/site-packages (from matplotlib==3.10.6) (4.60.1)
Requirement already satisfied: kiwisolver>=1.3.1 in /local/scratch/clo37/anaconda3/envs/vlm_mia_llava_minigpt/lib/python3.12/site-packages (from matplotlib==3.10.6) (1.4.9)
Requirement already satisfied: numpy>=1.23 in /local/scratch/clo37/anaconda3/envs/vlm_mia_llava_minigpt/lib/python3.12/site-packages (from matplotlib==3.10.6) (2.3.4)
Requirement already satisfied: packaging>=20.0 in /local/scratch/clo37/anaconda3/envs/vlm_mia_llava_minigpt/lib/python3.12/site-packages (from matplotlib==3.10.6) (25.0)
Requirement already satisfied: pillow>=8 in /local/scratch/clo37/anaconda3/envs/vlm_mia_llava_minigpt/lib/python3.12/site-packages (from matplotlib==3.10.6) (12.0.0)
Collecting pyparsing>=2.3.1 (from matplotlib==3.10.6)
  Downloading pyparsing-3.2.5-py3-none-any.whl.metadata (5.0 kB)
Requirement already satisfied: python-dateutil>=2.7 in /local/scratch/clo37/anaconda3/envs/vlm_mia_llava_minigpt/lib/python3.12/site-packages (from matplotlib==3.10.6) (2.9.0.post0)
Requirement already satisfied: six>=1.5 in /local/scratch/clo37/anaconda3/envs/vlm_mia_llava_minigpt/lib/python3.12/site-packages (from python-dateutil>=2.7->matplotlib==3.10.6) (1.17.0)
Downloading matplotlib-3.10.6-cp312-cp312-manylinux2014_x86_64.manylinux_2_17_x86_64.whl (8.7 MB)
   ━━━━━━━━━━━━━━━━━━━━━━━━━━━━━━━━━━━━━━━━ 8.7/8.7 MB 47.6 MB/s  0:00:00
Downloading pyparsing-3.2.5-py3-none-any.whl (113 kB)
Installing collected packages: pyparsing, matplotlib

Successfully installed matplotlib-3.10.6 pyparsing-3.2.5
Looking in indexes: https://pypi.org/simple, https://download.pytorch.org/whl/cu126
Requirement already satisfied: mpmath==1.3.0 in /local/scratch/clo37/anaconda3/envs/vlm_mia_llava_minigpt/lib/python3.12/site-packages (1.3.0)
Looking in indexes: https://pypi.org/simple, https://download.pytorch.org/whl/cu126
Collecting multidict==6.6.4
  Downloading multidict-6.6.4-cp312-cp312-manylinux2014_x86_64.manylinux_2_17_x86_64.manylinux_2_28_x86_64.whl.metadata (5.3 kB)
Downloading multidict-6.6.4-cp312-cp312-manylinux2014_x86_64.manylinux_2_17_x86_64.manylinux_2_28_x86_64.whl (256 kB)
Installing collected packages: multidict
  Attempting uninstall: multidict
    Found existing installation: multidict 6.7.0
    Uninstalling multidict-6.7.0:
      Successfully uninstalled multidict-6.7.0
Successfully installed multidict-6.6.4
Looking in indexes: https://pypi.org/simple, https://download.pytorch.org/whl/cu126
Requirement already satisfied: multiprocess==0.70.16 in /local/scratch/clo37/anaconda3/envs/vlm_mia_llava_minigpt/lib/python3.12/site-packages (0.70.16)
Requirement already satisfied: dill>=0.3.8 in /local/scratch/clo37/anaconda3/envs/vlm_mia_llava_minigpt/lib/python3.12/site-packages (from multiprocess==0.70.16) (0.4.0)
Looking in indexes: https://pypi.org/simple, https://download.pytorch.org/whl/cu126
Requirement already satisfied: networkx==3.5 in /local/scratch/clo37/anaconda3/envs/vlm_mia_llava_minigpt/lib/python3.12/site-packages (3.5)
Looking in indexes: https://pypi.org/simple, https://download.pytorch.org/whl/cu126
Collecting numpy==2.2.6
  Downloading numpy-2.2.6-cp312-cp312-manylinux_2_17_x86_64.manylinux2014_x86_64.whl.metadata (62 kB)
Downloading numpy-2.2.6-cp312-cp312-manylinux_2_17_x86_64.manylinux2014_x86_64.whl (16.5 MB)
   ━━━━━━━━━━━━━━━━━━━━━━━━━━━━━━━━━━━━━━━━ 16.5/16.5 MB 64.3 MB/s  0:00:00
Installing collected packages: numpy
  Attempting uninstall: numpy
    Found existing installation: numpy 2.3.4
    Uninstalling numpy-2.3.4:
      Successfully uninstalled numpy-2.3.4
Successfully installed numpy-2.2.6
Looking in indexes: https://pypi.org/simple, https://download.pytorch.org/whl/cu126
Requirement already satisfied: nvidia-cublas-cu12==12.6.4.1 in /local/scratch/clo37/anaconda3/envs/vlm_mia_llava_minigpt/lib/python3.12/site-packages (12.6.4.1)
Looking in indexes: https://pypi.org/simple, https://download.pytorch.org/whl/cu126
Requirement already satisfied: nvidia-cuda-cupti-cu12==12.6.80 in /local/scratch/clo37/anaconda3/envs/vlm_mia_llava_minigpt/lib/python3.12/site-packages (12.6.80)
Looking in indexes: https://pypi.org/simple, https://download.pytorch.org/whl/cu126
Requirement already satisfied: nvidia-cuda-nvrtc-cu12==12.6.77 in /local/scratch/clo37/anaconda3/envs/vlm_mia_llava_minigpt/lib/python3.12/site-packages (12.6.77)
Looking in indexes: https://pypi.org/simple, https://download.pytorch.org/whl/cu126
Requirement already satisfied: nvidia-cuda-runtime-cu12==12.6.77 in /local/scratch/clo37/anaconda3/envs/vlm_mia_llava_minigpt/lib/python3.12/site-packages (12.6.77)
Looking in indexes: https://pypi.org/simple, https://download.pytorch.org/whl/cu126
Collecting nvidia-cudnn-cu12==9.5.1.17
  Downloading https://download.pytorch.org/whl/cu126/nvidia_cudnn_cu12-9.5.1.17-py3-none-manylinux_2_28_x86_64.whl.metadata (1.6 kB)
Requirement already satisfied: nvidia-cublas-cu12 in /local/scratch/clo37/anaconda3/envs/vlm_mia_llava_minigpt/lib/python3.12/site-packages (from nvidia-cudnn-cu12==9.5.1.17) (12.6.4.1)
Downloading https://download.pytorch.org/whl/cu126/nvidia_cudnn_cu12-9.5.1.17-py3-none-manylinux_2_28_x86_64.whl (571.0 MB)
   ━━━━━━━━━━━━━━━━━━━━━━━━━━━━━━━━━━━━━━━━ 571.0/571.0 MB 126.8 MB/s  0:00:02
Installing collected packages: nvidia-cudnn-cu12
  Attempting uninstall: nvidia-cudnn-cu12
    Found existing installation: nvidia-cudnn-cu12 9.10.2.21
    Uninstalling nvidia-cudnn-cu12-9.10.2.21:
      Successfully uninstalled nvidia-cudnn-cu12-9.10.2.21
ERROR: pip's dependency resolver does not currently take into account all the packages that are installed. This behaviour is the source of the following dependency conflicts.
torch 2.9.0+cu126 requires nvidia-cudnn-cu12==9.10.2.21; platform_system == "Linux", but you have nvidia-cudnn-cu12 9.5.1.17 which is incompatible.
Successfully installed nvidia-cudnn-cu12-9.5.1.17
Looking in indexes: https://pypi.org/simple, https://download.pytorch.org/whl/cu126
Requirement already satisfied: nvidia-cufft-cu12==11.3.0.4 in /local/scratch/clo37/anaconda3/envs/vlm_mia_llava_minigpt/lib/python3.12/site-packages (11.3.0.4)
Requirement already satisfied: nvidia-nvjitlink-cu12 in /local/scratch/clo37/anaconda3/envs/vlm_mia_llava_minigpt/lib/python3.12/site-packages (from nvidia-cufft-cu12==11.3.0.4) (12.6.85)
Looking in indexes: https://pypi.org/simple, https://download.pytorch.org/whl/cu126
Requirement already satisfied: nvidia-cufile-cu12==1.11.1.6 in /local/scratch/clo37/anaconda3/envs/vlm_mia_llava_minigpt/lib/python3.12/site-packages (1.11.1.6)
Looking in indexes: https://pypi.org/simple, https://download.pytorch.org/whl/cu126
Requirement already satisfied: nvidia-curand-cu12==10.3.7.77 in /local/scratch/clo37/anaconda3/envs/vlm_mia_llava_minigpt/lib/python3.12/site-packages (10.3.7.77)
Looking in indexes: https://pypi.org/simple, https://download.pytorch.org/whl/cu126
Requirement already satisfied: nvidia-cusolver-cu12==11.7.1.2 in /local/scratch/clo37/anaconda3/envs/vlm_mia_llava_minigpt/lib/python3.12/site-packages (11.7.1.2)
Requirement already satisfied: nvidia-cublas-cu12 in /local/scratch/clo37/anaconda3/envs/vlm_mia_llava_minigpt/lib/python3.12/site-packages (from nvidia-cusolver-cu12==11.7.1.2) (12.6.4.1)
Requirement already satisfied: nvidia-nvjitlink-cu12 in /local/scratch/clo37/anaconda3/envs/vlm_mia_llava_minigpt/lib/python3.12/site-packages (from nvidia-cusolver-cu12==11.7.1.2) (12.6.85)
Requirement already satisfied: nvidia-cusparse-cu12 in /local/scratch/clo37/anaconda3/envs/vlm_mia_llava_minigpt/lib/python3.12/site-packages (from nvidia-cusolver-cu12==11.7.1.2) (12.5.4.2)
Looking in indexes: https://pypi.org/simple, https://download.pytorch.org/whl/cu126
Requirement already satisfied: nvidia-cusparse-cu12==12.5.4.2 in /local/scratch/clo37/anaconda3/envs/vlm_mia_llava_minigpt/lib/python3.12/site-packages (12.5.4.2)
Requirement already satisfied: nvidia-nvjitlink-cu12 in /local/scratch/clo37/anaconda3/envs/vlm_mia_llava_minigpt/lib/python3.12/site-packages (from nvidia-cusparse-cu12==12.5.4.2) (12.6.85)
Looking in indexes: https://pypi.org/simple, https://download.pytorch.org/whl/cu126
Collecting nvidia-cusparselt-cu12==0.6.3
  Downloading https://download.pytorch.org/whl/nvidia_cusparselt_cu12-0.6.3-py3-none-manylinux2014_x86_64.whl.metadata (6.8 kB)
Downloading https://download.pytorch.org/whl/nvidia_cusparselt_cu12-0.6.3-py3-none-manylinux2014_x86_64.whl (156.8 MB)
   ━━━━━━━━━━━━━━━━━━━━━━━━━━━━━━━━━━━━━━━━ 156.8/156.8 MB 199.3 MB/s  0:00:00
Installing collected packages: nvidia-cusparselt-cu12
  Attempting uninstall: nvidia-cusparselt-cu12
    Found existing installation: nvidia-cusparselt-cu12 0.7.1
    Uninstalling nvidia-cusparselt-cu12-0.7.1:
      Successfully uninstalled nvidia-cusparselt-cu12-0.7.1
ERROR: pip's dependency resolver does not currently take into account all the packages that are installed. This behaviour is the source of the following dependency conflicts.
torch 2.9.0+cu126 requires nvidia-cudnn-cu12==9.10.2.21; platform_system == "Linux", but you have nvidia-cudnn-cu12 9.5.1.17 which is incompatible.
torch 2.9.0+cu126 requires nvidia-cusparselt-cu12==0.7.1; platform_system == "Linux", but you have nvidia-cusparselt-cu12 0.6.3 which is incompatible.
Successfully installed nvidia-cusparselt-cu12-0.6.3
Looking in indexes: https://pypi.org/simple, https://download.pytorch.org/whl/cu126
Collecting nvidia-nccl-cu12==2.26.2
  Downloading https://download.pytorch.org/whl/cu126/nvidia_nccl_cu12-2.26.2-py3-none-manylinux2014_x86_64.manylinux_2_17_x86_64.whl.metadata (2.0 kB)
Downloading https://download.pytorch.org/whl/cu126/nvidia_nccl_cu12-2.26.2-py3-none-manylinux2014_x86_64.manylinux_2_17_x86_64.whl (201.3 MB)
   ━━━━━━━━━━━━━━━━━━━━━━━━━━━━━━━━━━━━━━━━ 201.3/201.3 MB 197.0 MB/s  0:00:01
Installing collected packages: nvidia-nccl-cu12
  Attempting uninstall: nvidia-nccl-cu12
    Found existing installation: nvidia-nccl-cu12 2.27.5
    Uninstalling nvidia-nccl-cu12-2.27.5:
      Successfully uninstalled nvidia-nccl-cu12-2.27.5
ERROR: pip's dependency resolver does not currently take into account all the packages that are installed. This behaviour is the source of the following dependency conflicts.
torch 2.9.0+cu126 requires nvidia-cudnn-cu12==9.10.2.21; platform_system == "Linux", but you have nvidia-cudnn-cu12 9.5.1.17 which is incompatible.
torch 2.9.0+cu126 requires nvidia-cusparselt-cu12==0.7.1; platform_system == "Linux", but you have nvidia-cusparselt-cu12 0.6.3 which is incompatible.
torch 2.9.0+cu126 requires nvidia-nccl-cu12==2.27.5; platform_system == "Linux", but you have nvidia-nccl-cu12 2.26.2 which is incompatible.
Successfully installed nvidia-nccl-cu12-2.26.2
Looking in indexes: https://pypi.org/simple, https://download.pytorch.org/whl/cu126
Requirement already satisfied: nvidia-nvjitlink-cu12==12.6.85 in /local/scratch/clo37/anaconda3/envs/vlm_mia_llava_minigpt/lib/python3.12/site-packages (12.6.85)
Looking in indexes: https://pypi.org/simple, https://download.pytorch.org/whl/cu126
Requirement already satisfied: nvidia-nvtx-cu12==12.6.77 in /local/scratch/clo37/anaconda3/envs/vlm_mia_llava_minigpt/lib/python3.12/site-packages (12.6.77)
Looking in indexes: https://pypi.org/simple, https://download.pytorch.org/whl/cu126
Requirement already satisfied: omegaconf==2.3.0 in /local/scratch/clo37/anaconda3/envs/vlm_mia_llava_minigpt/lib/python3.12/site-packages (2.3.0)
Requirement already satisfied: antlr4-python3-runtime==4.9.* in /local/scratch/clo37/anaconda3/envs/vlm_mia_llava_minigpt/lib/python3.12/site-packages (from omegaconf==2.3.0) (4.9.3)
Requirement already satisfied: PyYAML>=5.1.0 in /local/scratch/clo37/anaconda3/envs/vlm_mia_llava_minigpt/lib/python3.12/site-packages (from omegaconf==2.3.0) (6.0.3)
Looking in indexes: https://pypi.org/simple, https://download.pytorch.org/whl/cu126
Collecting opencv-python==4.12.0.88
  Downloading opencv_python-4.12.0.88-cp37-abi3-manylinux2014_x86_64.manylinux_2_17_x86_64.whl.metadata (19 kB)
Requirement already satisfied: numpy<2.3.0,>=2 in /local/scratch/clo37/anaconda3/envs/vlm_mia_llava_minigpt/lib/python3.12/site-packages (from opencv-python==4.12.0.88) (2.2.6)
Downloading opencv_python-4.12.0.88-cp37-abi3-manylinux2014_x86_64.manylinux_2_17_x86_64.whl (67.0 MB)
   ━━━━━━━━━━━━━━━━━━━━━━━━━━━━━━━━━━━━━━━━ 67.0/67.0 MB 132.5 MB/s  0:00:00
Installing collected packages: opencv-python
Successfully installed opencv-python-4.12.0.88
Looking in indexes: https://pypi.org/simple, https://download.pytorch.org/whl/cu126
Requirement already satisfied: packaging==25.0 in /local/scratch/clo37/anaconda3/envs/vlm_mia_llava_minigpt/lib/python3.12/site-packages (25.0)
Looking in indexes: https://pypi.org/simple, https://download.pytorch.org/whl/cu126
Requirement already satisfied: pandas==2.3.3 in /local/scratch/clo37/anaconda3/envs/vlm_mia_llava_minigpt/lib/python3.12/site-packages (2.3.3)
Requirement already satisfied: numpy>=1.26.0 in /local/scratch/clo37/anaconda3/envs/vlm_mia_llava_minigpt/lib/python3.12/site-packages (from pandas==2.3.3) (2.2.6)
Requirement already satisfied: python-dateutil>=2.8.2 in /local/scratch/clo37/anaconda3/envs/vlm_mia_llava_minigpt/lib/python3.12/site-packages (from pandas==2.3.3) (2.9.0.post0)
Requirement already satisfied: pytz>=2020.1 in /local/scratch/clo37/anaconda3/envs/vlm_mia_llava_minigpt/lib/python3.12/site-packages (from pandas==2.3.3) (2025.2)
Requirement already satisfied: tzdata>=2022.7 in /local/scratch/clo37/anaconda3/envs/vlm_mia_llava_minigpt/lib/python3.12/site-packages (from pandas==2.3.3) (2025.2)
Requirement already satisfied: six>=1.5 in /local/scratch/clo37/anaconda3/envs/vlm_mia_llava_minigpt/lib/python3.12/site-packages (from python-dateutil>=2.8.2->pandas==2.3.3) (1.17.0)
Looking in indexes: https://pypi.org/simple, https://download.pytorch.org/whl/cu126
Collecting peft==0.17.1
  Downloading peft-0.17.1-py3-none-any.whl.metadata (14 kB)
Requirement already satisfied: numpy>=1.17 in /local/scratch/clo37/anaconda3/envs/vlm_mia_llava_minigpt/lib/python3.12/site-packages (from peft==0.17.1) (2.2.6)
Requirement already satisfied: packaging>=20.0 in /local/scratch/clo37/anaconda3/envs/vlm_mia_llava_minigpt/lib/python3.12/site-packages (from peft==0.17.1) (25.0)
Requirement already satisfied: psutil in /local/scratch/clo37/anaconda3/envs/vlm_mia_llava_minigpt/lib/python3.12/site-packages (from peft==0.17.1) (7.1.0)
Requirement already satisfied: pyyaml in /local/scratch/clo37/anaconda3/envs/vlm_mia_llava_minigpt/lib/python3.12/site-packages (from peft==0.17.1) (6.0.3)
Requirement already satisfied: torch>=1.13.0 in /local/scratch/clo37/anaconda3/envs/vlm_mia_llava_minigpt/lib/python3.12/site-packages (from peft==0.17.1) (2.9.0+cu126)
Collecting transformers (from peft==0.17.1)
  Downloading transformers-4.57.1-py3-none-any.whl.metadata (43 kB)
Requirement already satisfied: tqdm in /local/scratch/clo37/anaconda3/envs/vlm_mia_llava_minigpt/lib/python3.12/site-packages (from peft==0.17.1) (4.67.1)
Requirement already satisfied: accelerate>=0.21.0 in /local/scratch/clo37/anaconda3/envs/vlm_mia_llava_minigpt/lib/python3.12/site-packages (from peft==0.17.1) (1.10.1)
Requirement already satisfied: safetensors in /local/scratch/clo37/anaconda3/envs/vlm_mia_llava_minigpt/lib/python3.12/site-packages (from peft==0.17.1) (0.6.2)
Requirement already satisfied: huggingface_hub>=0.25.0 in /local/scratch/clo37/anaconda3/envs/vlm_mia_llava_minigpt/lib/python3.12/site-packages (from peft==0.17.1) (0.35.3)
Requirement already satisfied: filelock in /local/scratch/clo37/anaconda3/envs/vlm_mia_llava_minigpt/lib/python3.12/site-packages (from huggingface_hub>=0.25.0->peft==0.17.1) (3.18.0)
Requirement already satisfied: fsspec>=2023.5.0 in /local/scratch/clo37/anaconda3/envs/vlm_mia_llava_minigpt/lib/python3.12/site-packages (from huggingface_hub>=0.25.0->peft==0.17.1) (2025.7.0)
Requirement already satisfied: requests in /local/scratch/clo37/anaconda3/envs/vlm_mia_llava_minigpt/lib/python3.12/site-packages (from huggingface_hub>=0.25.0->peft==0.17.1) (2.32.5)
Requirement already satisfied: typing-extensions>=3.7.4.3 in /local/scratch/clo37/anaconda3/envs/vlm_mia_llava_minigpt/lib/python3.12/site-packages (from huggingface_hub>=0.25.0->peft==0.17.1) (4.15.0)
Requirement already satisfied: hf-xet<2.0.0,>=1.1.3 in /local/scratch/clo37/anaconda3/envs/vlm_mia_llava_minigpt/lib/python3.12/site-packages (from huggingface_hub>=0.25.0->peft==0.17.1) (1.1.5)
Requirement already satisfied: setuptools in /local/scratch/clo37/anaconda3/envs/vlm_mia_llava_minigpt/lib/python3.12/site-packages (from torch>=1.13.0->peft==0.17.1) (80.9.0)
Requirement already satisfied: sympy>=1.13.3 in /local/scratch/clo37/anaconda3/envs/vlm_mia_llava_minigpt/lib/python3.12/site-packages (from torch>=1.13.0->peft==0.17.1) (1.14.0)
Requirement already satisfied: networkx>=2.5.1 in /local/scratch/clo37/anaconda3/envs/vlm_mia_llava_minigpt/lib/python3.12/site-packages (from torch>=1.13.0->peft==0.17.1) (3.5)
Requirement already satisfied: jinja2 in /local/scratch/clo37/anaconda3/envs/vlm_mia_llava_minigpt/lib/python3.12/site-packages (from torch>=1.13.0->peft==0.17.1) (3.1.6)
Requirement already satisfied: nvidia-cuda-nvrtc-cu12==12.6.77 in /local/scratch/clo37/anaconda3/envs/vlm_mia_llava_minigpt/lib/python3.12/site-packages (from torch>=1.13.0->peft==0.17.1) (12.6.77)
Requirement already satisfied: nvidia-cuda-runtime-cu12==12.6.77 in /local/scratch/clo37/anaconda3/envs/vlm_mia_llava_minigpt/lib/python3.12/site-packages (from torch>=1.13.0->peft==0.17.1) (12.6.77)
Requirement already satisfied: nvidia-cuda-cupti-cu12==12.6.80 in /local/scratch/clo37/anaconda3/envs/vlm_mia_llava_minigpt/lib/python3.12/site-packages (from torch>=1.13.0->peft==0.17.1) (12.6.80)
Collecting nvidia-cudnn-cu12==9.10.2.21 (from torch>=1.13.0->peft==0.17.1)
  Using cached https://download.pytorch.org/whl/nvidia_cudnn_cu12-9.10.2.21-py3-none-manylinux_2_27_x86_64.whl.metadata (1.8 kB)
Requirement already satisfied: nvidia-cublas-cu12==12.6.4.1 in /local/scratch/clo37/anaconda3/envs/vlm_mia_llava_minigpt/lib/python3.12/site-packages (from torch>=1.13.0->peft==0.17.1) (12.6.4.1)
Requirement already satisfied: nvidia-cufft-cu12==11.3.0.4 in /local/scratch/clo37/anaconda3/envs/vlm_mia_llava_minigpt/lib/python3.12/site-packages (from torch>=1.13.0->peft==0.17.1) (11.3.0.4)
Requirement already satisfied: nvidia-curand-cu12==10.3.7.77 in /local/scratch/clo37/anaconda3/envs/vlm_mia_llava_minigpt/lib/python3.12/site-packages (from torch>=1.13.0->peft==0.17.1) (10.3.7.77)
Requirement already satisfied: nvidia-cusolver-cu12==11.7.1.2 in /local/scratch/clo37/anaconda3/envs/vlm_mia_llava_minigpt/lib/python3.12/site-packages (from torch>=1.13.0->peft==0.17.1) (11.7.1.2)
Requirement already satisfied: nvidia-cusparse-cu12==12.5.4.2 in /local/scratch/clo37/anaconda3/envs/vlm_mia_llava_minigpt/lib/python3.12/site-packages (from torch>=1.13.0->peft==0.17.1) (12.5.4.2)
Collecting nvidia-cusparselt-cu12==0.7.1 (from torch>=1.13.0->peft==0.17.1)
  Using cached https://download.pytorch.org/whl/nvidia_cusparselt_cu12-0.7.1-py3-none-manylinux2014_x86_64.whl.metadata (7.0 kB)
Collecting nvidia-nccl-cu12==2.27.5 (from torch>=1.13.0->peft==0.17.1)
  Using cached https://download.pytorch.org/whl/nvidia_nccl_cu12-2.27.5-py3-none-manylinux2014_x86_64.manylinux_2_17_x86_64.whl.metadata (2.0 kB)
Requirement already satisfied: nvidia-nvshmem-cu12==3.3.20 in /local/scratch/clo37/anaconda3/envs/vlm_mia_llava_minigpt/lib/python3.12/site-packages (from torch>=1.13.0->peft==0.17.1) (3.3.20)
Requirement already satisfied: nvidia-nvtx-cu12==12.6.77 in /local/scratch/clo37/anaconda3/envs/vlm_mia_llava_minigpt/lib/python3.12/site-packages (from torch>=1.13.0->peft==0.17.1) (12.6.77)
Requirement already satisfied: nvidia-nvjitlink-cu12==12.6.85 in /local/scratch/clo37/anaconda3/envs/vlm_mia_llava_minigpt/lib/python3.12/site-packages (from torch>=1.13.0->peft==0.17.1) (12.6.85)
Requirement already satisfied: nvidia-cufile-cu12==1.11.1.6 in /local/scratch/clo37/anaconda3/envs/vlm_mia_llava_minigpt/lib/python3.12/site-packages (from torch>=1.13.0->peft==0.17.1) (1.11.1.6)
Requirement already satisfied: triton==3.5.0 in /local/scratch/clo37/anaconda3/envs/vlm_mia_llava_minigpt/lib/python3.12/site-packages (from torch>=1.13.0->peft==0.17.1) (3.5.0)
Requirement already satisfied: mpmath<1.4,>=1.1.0 in /local/scratch/clo37/anaconda3/envs/vlm_mia_llava_minigpt/lib/python3.12/site-packages (from sympy>=1.13.3->torch>=1.13.0->peft==0.17.1) (1.3.0)
Requirement already satisfied: MarkupSafe>=2.0 in /local/scratch/clo37/anaconda3/envs/vlm_mia_llava_minigpt/lib/python3.12/site-packages (from jinja2->torch>=1.13.0->peft==0.17.1) (3.0.2)
Requirement already satisfied: charset_normalizer<4,>=2 in /local/scratch/clo37/anaconda3/envs/vlm_mia_llava_minigpt/lib/python3.12/site-packages (from requests->huggingface_hub>=0.25.0->peft==0.17.1) (3.4.2)
Requirement already satisfied: idna<4,>=2.5 in /local/scratch/clo37/anaconda3/envs/vlm_mia_llava_minigpt/lib/python3.12/site-packages (from requests->huggingface_hub>=0.25.0->peft==0.17.1) (3.10)
Requirement already satisfied: urllib3<3,>=1.21.1 in /local/scratch/clo37/anaconda3/envs/vlm_mia_llava_minigpt/lib/python3.12/site-packages (from requests->huggingface_hub>=0.25.0->peft==0.17.1) (2.5.0)
Requirement already satisfied: certifi>=2017.4.17 in /local/scratch/clo37/anaconda3/envs/vlm_mia_llava_minigpt/lib/python3.12/site-packages (from requests->huggingface_hub>=0.25.0->peft==0.17.1) (2025.7.14)
Collecting regex!=2019.12.17 (from transformers->peft==0.17.1)
  Downloading regex-2025.9.18-cp312-cp312-manylinux2014_x86_64.manylinux_2_17_x86_64.manylinux_2_28_x86_64.whl.metadata (40 kB)
Collecting tokenizers<=0.23.0,>=0.22.0 (from transformers->peft==0.17.1)
  Downloading tokenizers-0.22.1-cp39-abi3-manylinux_2_17_x86_64.manylinux2014_x86_64.whl.metadata (6.8 kB)
Downloading peft-0.17.1-py3-none-any.whl (504 kB)
Using cached https://download.pytorch.org/whl/nvidia_cudnn_cu12-9.10.2.21-py3-none-manylinux_2_27_x86_64.whl (706.8 MB)
Using cached https://download.pytorch.org/whl/nvidia_cusparselt_cu12-0.7.1-py3-none-manylinux2014_x86_64.whl (287.2 MB)
Using cached https://download.pytorch.org/whl/nvidia_nccl_cu12-2.27.5-py3-none-manylinux2014_x86_64.manylinux_2_17_x86_64.whl (322.3 MB)
Downloading transformers-4.57.1-py3-none-any.whl (12.0 MB)
   ━━━━━━━━━━━━━━━━━━━━━━━━━━━━━━━━━━━━━━━━ 12.0/12.0 MB 37.7 MB/s  0:00:00
Downloading tokenizers-0.22.1-cp39-abi3-manylinux_2_17_x86_64.manylinux2014_x86_64.whl (3.3 MB)
   ━━━━━━━━━━━━━━━━━━━━━━━━━━━━━━━━━━━━━━━━ 3.3/3.3 MB 27.9 MB/s  0:00:00
Downloading regex-2025.9.18-cp312-cp312-manylinux2014_x86_64.manylinux_2_17_x86_64.manylinux_2_28_x86_64.whl (802 kB)
   ━━━━━━━━━━━━━━━━━━━━━━━━━━━━━━━━━━━━━━━━ 802.0/802.0 kB 14.0 MB/s  0:00:00
Installing collected packages: nvidia-cusparselt-cu12, regex, nvidia-nccl-cu12, nvidia-cudnn-cu12, tokenizers, transformers, peft
  Attempting uninstall: nvidia-cusparselt-cu12
    Found existing installation: nvidia-cusparselt-cu12 0.6.3
    Uninstalling nvidia-cusparselt-cu12-0.6.3:
      Successfully uninstalled nvidia-cusparselt-cu12-0.6.3
  Attempting uninstall: nvidia-nccl-cu12
    Found existing installation: nvidia-nccl-cu12 2.26.2
    Uninstalling nvidia-nccl-cu12-2.26.2:
      Successfully uninstalled nvidia-nccl-cu12-2.26.2
  Attempting uninstall: nvidia-cudnn-cu12
    Found existing installation: nvidia-cudnn-cu12 9.5.1.17
    Uninstalling nvidia-cudnn-cu12-9.5.1.17:
      Successfully uninstalled nvidia-cudnn-cu12-9.5.1.17

Successfully installed nvidia-cudnn-cu12-9.10.2.21 nvidia-cusparselt-cu12-0.7.1 nvidia-nccl-cu12-2.27.5 peft-0.17.1 regex-2025.9.18 tokenizers-0.22.1 transformers-4.57.1
Looking in indexes: https://pypi.org/simple, https://download.pytorch.org/whl/cu126
Collecting pillow==11.3.0
  Downloading https://download.pytorch.org/whl/pillow-11.3.0-cp312-cp312-manylinux_2_27_x86_64.manylinux_2_28_x86_64.whl.metadata (9.0 kB)
Downloading https://download.pytorch.org/whl/pillow-11.3.0-cp312-cp312-manylinux_2_27_x86_64.manylinux_2_28_x86_64.whl (6.6 MB)
   ━━━━━━━━━━━━━━━━━━━━━━━━━━━━━━━━━━━━━━━━ 6.6/6.6 MB 103.8 MB/s  0:00:00
Installing collected packages: pillow
  Attempting uninstall: pillow
    Found existing installation: pillow 12.0.0
    Uninstalling pillow-12.0.0:
      Successfully uninstalled pillow-12.0.0
Successfully installed pillow-11.3.0
Looking in indexes: https://pypi.org/simple, https://download.pytorch.org/whl/cu126
Collecting platformdirs==4.4.0
  Downloading platformdirs-4.4.0-py3-none-any.whl.metadata (12 kB)
Downloading platformdirs-4.4.0-py3-none-any.whl (18 kB)
Installing collected packages: platformdirs
Successfully installed platformdirs-4.4.0
Looking in indexes: https://pypi.org/simple, https://download.pytorch.org/whl/cu126
Requirement already satisfied: portalocker==3.2.0 in /local/scratch/clo37/anaconda3/envs/vlm_mia_llava_minigpt/lib/python3.12/site-packages (3.2.0)
Looking in indexes: https://pypi.org/simple, https://download.pytorch.org/whl/cu126
Collecting progressbar2==4.5.0
  Downloading progressbar2-4.5.0-py3-none-any.whl.metadata (16 kB)
Collecting python-utils>=3.8.1 (from progressbar2==4.5.0)
  Downloading python_utils-3.9.1-py2.py3-none-any.whl.metadata (9.8 kB)
Requirement already satisfied: typing_extensions>3.10.0.2 in /local/scratch/clo37/anaconda3/envs/vlm_mia_llava_minigpt/lib/python3.12/site-packages (from python-utils>=3.8.1->progressbar2==4.5.0) (4.15.0)
Downloading progressbar2-4.5.0-py3-none-any.whl (57 kB)
Downloading python_utils-3.9.1-py2.py3-none-any.whl (32 kB)
Installing collected packages: python-utils, progressbar2

Successfully installed progressbar2-4.5.0 python-utils-3.9.1
Looking in indexes: https://pypi.org/simple, https://download.pytorch.org/whl/cu126
Collecting propcache==0.3.2
  Downloading propcache-0.3.2-cp312-cp312-manylinux_2_17_x86_64.manylinux2014_x86_64.whl.metadata (12 kB)
Downloading propcache-0.3.2-cp312-cp312-manylinux_2_17_x86_64.manylinux2014_x86_64.whl (224 kB)
Installing collected packages: propcache
  Attempting uninstall: propcache
    Found existing installation: propcache 0.4.1
    Uninstalling propcache-0.4.1:
      Successfully uninstalled propcache-0.4.1
Successfully installed propcache-0.3.2
Looking in indexes: https://pypi.org/simple, https://download.pytorch.org/whl/cu126
Collecting protobuf==6.32.1
  Downloading protobuf-6.32.1-cp39-abi3-manylinux2014_x86_64.whl.metadata (593 bytes)
Downloading protobuf-6.32.1-cp39-abi3-manylinux2014_x86_64.whl (322 kB)
Installing collected packages: protobuf
Successfully installed protobuf-6.32.1
Looking in indexes: https://pypi.org/simple, https://download.pytorch.org/whl/cu126
Requirement already satisfied: psutil==7.1.0 in /local/scratch/clo37/anaconda3/envs/vlm_mia_llava_minigpt/lib/python3.12/site-packages (7.1.0)
Looking in indexes: https://pypi.org/simple, https://download.pytorch.org/whl/cu126
Requirement already satisfied: pyarrow==21.0.0 in /local/scratch/clo37/anaconda3/envs/vlm_mia_llava_minigpt/lib/python3.12/site-packages (21.0.0)
Looking in indexes: https://pypi.org/simple, https://download.pytorch.org/whl/cu126
Collecting pydantic==2.11.10
  Downloading pydantic-2.11.10-py3-none-any.whl.metadata (68 kB)
Requirement already satisfied: annotated-types>=0.6.0 in /local/scratch/clo37/anaconda3/envs/vlm_mia_llava_minigpt/lib/python3.12/site-packages (from pydantic==2.11.10) (0.7.0)
Collecting pydantic-core==2.33.2 (from pydantic==2.11.10)
  Downloading pydantic_core-2.33.2-cp312-cp312-manylinux_2_17_x86_64.manylinux2014_x86_64.whl.metadata (6.8 kB)
Requirement already satisfied: typing-extensions>=4.12.2 in /local/scratch/clo37/anaconda3/envs/vlm_mia_llava_minigpt/lib/python3.12/site-packages (from pydantic==2.11.10) (4.15.0)
Collecting typing-inspection>=0.4.0 (from pydantic==2.11.10)
  Downloading typing_inspection-0.4.2-py3-none-any.whl.metadata (2.6 kB)
Downloading pydantic-2.11.10-py3-none-any.whl (444 kB)
Downloading pydantic_core-2.33.2-cp312-cp312-manylinux_2_17_x86_64.manylinux2014_x86_64.whl (2.0 MB)
   ━━━━━━━━━━━━━━━━━━━━━━━━━━━━━━━━━━━━━━━━ 2.0/2.0 MB 37.4 MB/s  0:00:00
Downloading typing_inspection-0.4.2-py3-none-any.whl (14 kB)
Installing collected packages: typing-inspection, pydantic-core, pydantic

Successfully installed pydantic-2.11.10 pydantic-core-2.33.2 typing-inspection-0.4.2
Looking in indexes: https://pypi.org/simple, https://download.pytorch.org/whl/cu126
Requirement already satisfied: pydantic_core==2.33.2 in /local/scratch/clo37/anaconda3/envs/vlm_mia_llava_minigpt/lib/python3.12/site-packages (2.33.2)
Requirement already satisfied: typing-extensions!=4.7.0,>=4.6.0 in /local/scratch/clo37/anaconda3/envs/vlm_mia_llava_minigpt/lib/python3.12/site-packages (from pydantic_core==2.33.2) (4.15.0)
Looking in indexes: https://pypi.org/simple, https://download.pytorch.org/whl/cu126
Requirement already satisfied: pyparsing==3.2.5 in /local/scratch/clo37/anaconda3/envs/vlm_mia_llava_minigpt/lib/python3.12/site-packages (3.2.5)
Looking in indexes: https://pypi.org/simple, https://download.pytorch.org/whl/cu126
Requirement already satisfied: python-dateutil==2.9.0.post0 in /local/scratch/clo37/anaconda3/envs/vlm_mia_llava_minigpt/lib/python3.12/site-packages (2.9.0.post0)
Requirement already satisfied: six>=1.5 in /local/scratch/clo37/anaconda3/envs/vlm_mia_llava_minigpt/lib/python3.12/site-packages (from python-dateutil==2.9.0.post0) (1.17.0)
Looking in indexes: https://pypi.org/simple, https://download.pytorch.org/whl/cu126
Requirement already satisfied: python-utils==3.9.1 in /local/scratch/clo37/anaconda3/envs/vlm_mia_llava_minigpt/lib/python3.12/site-packages (3.9.1)
Requirement already satisfied: typing_extensions>3.10.0.2 in /local/scratch/clo37/anaconda3/envs/vlm_mia_llava_minigpt/lib/python3.12/site-packages (from python-utils==3.9.1) (4.15.0)
Looking in indexes: https://pypi.org/simple, https://download.pytorch.org/whl/cu126
Requirement already satisfied: pytz==2025.2 in /local/scratch/clo37/anaconda3/envs/vlm_mia_llava_minigpt/lib/python3.12/site-packages (2025.2)
Looking in indexes: https://pypi.org/simple, https://download.pytorch.org/whl/cu126
Collecting PyYAML==6.0.2
  Downloading PyYAML-6.0.2-cp312-cp312-manylinux_2_17_x86_64.manylinux2014_x86_64.whl.metadata (2.1 kB)
Downloading PyYAML-6.0.2-cp312-cp312-manylinux_2_17_x86_64.manylinux2014_x86_64.whl (767 kB)
   ━━━━━━━━━━━━━━━━━━━━━━━━━━━━━━━━━━━━━━━━ 767.5/767.5 kB 25.2 MB/s  0:00:00
Installing collected packages: PyYAML
  Attempting uninstall: PyYAML
    Found existing installation: PyYAML 6.0.3
    Uninstalling PyYAML-6.0.3:
      Successfully uninstalled PyYAML-6.0.3
Successfully installed PyYAML-6.0.2
Looking in indexes: https://pypi.org/simple, https://download.pytorch.org/whl/cu126
Collecting regex==2024.11.6
  Downloading regex-2024.11.6-cp312-cp312-manylinux_2_17_x86_64.manylinux2014_x86_64.whl.metadata (40 kB)
Downloading regex-2024.11.6-cp312-cp312-manylinux_2_17_x86_64.manylinux2014_x86_64.whl (796 kB)
   ━━━━━━━━━━━━━━━━━━━━━━━━━━━━━━━━━━━━━━━━ 796.9/796.9 kB 21.5 MB/s  0:00:00
Installing collected packages: regex
  Attempting uninstall: regex
    Found existing installation: regex 2025.9.18
    Uninstalling regex-2025.9.18:
      Successfully uninstalled regex-2025.9.18
Successfully installed regex-2024.11.6
Looking in indexes: https://pypi.org/simple, https://download.pytorch.org/whl/cu126
Collecting requests==2.32.4
  Using cached requests-2.32.4-py3-none-any.whl.metadata (4.9 kB)
Requirement already satisfied: charset_normalizer<4,>=2 in /local/scratch/clo37/anaconda3/envs/vlm_mia_llava_minigpt/lib/python3.12/site-packages (from requests==2.32.4) (3.4.2)
Requirement already satisfied: idna<4,>=2.5 in /local/scratch/clo37/anaconda3/envs/vlm_mia_llava_minigpt/lib/python3.12/site-packages (from requests==2.32.4) (3.10)
Requirement already satisfied: urllib3<3,>=1.21.1 in /local/scratch/clo37/anaconda3/envs/vlm_mia_llava_minigpt/lib/python3.12/site-packages (from requests==2.32.4) (2.5.0)
Requirement already satisfied: certifi>=2017.4.17 in /local/scratch/clo37/anaconda3/envs/vlm_mia_llava_minigpt/lib/python3.12/site-packages (from requests==2.32.4) (2025.7.14)
Using cached requests-2.32.4-py3-none-any.whl (64 kB)
Installing collected packages: requests
  Attempting uninstall: requests
    Found existing installation: requests 2.32.5
    Uninstalling requests-2.32.5:
      Successfully uninstalled requests-2.32.5
Successfully installed requests-2.32.4
Looking in indexes: https://pypi.org/simple, https://download.pytorch.org/whl/cu126
Collecting safetensors==0.5.3
  Using cached safetensors-0.5.3-cp38-abi3-manylinux_2_17_x86_64.manylinux2014_x86_64.whl.metadata (3.8 kB)
Using cached safetensors-0.5.3-cp38-abi3-manylinux_2_17_x86_64.manylinux2014_x86_64.whl (471 kB)
Installing collected packages: safetensors
  Attempting uninstall: safetensors
    Found existing installation: safetensors 0.6.2
    Uninstalling safetensors-0.6.2:
      Successfully uninstalled safetensors-0.6.2
Successfully installed safetensors-0.5.3
Looking in indexes: https://pypi.org/simple, https://download.pytorch.org/whl/cu126
Collecting scikit-image==0.25.2
  Downloading scikit_image-0.25.2-cp312-cp312-manylinux_2_17_x86_64.manylinux2014_x86_64.whl.metadata (14 kB)
Requirement already satisfied: numpy>=1.24 in /local/scratch/clo37/anaconda3/envs/vlm_mia_llava_minigpt/lib/python3.12/site-packages (from scikit-image==0.25.2) (2.2.6)
Collecting scipy>=1.11.4 (from scikit-image==0.25.2)
  Downloading scipy-1.16.2-cp312-cp312-manylinux2014_x86_64.manylinux_2_17_x86_64.whl.metadata (62 kB)
Requirement already satisfied: networkx>=3.0 in /local/scratch/clo37/anaconda3/envs/vlm_mia_llava_minigpt/lib/python3.12/site-packages (from scikit-image==0.25.2) (3.5)
Requirement already satisfied: pillow>=10.1 in /local/scratch/clo37/anaconda3/envs/vlm_mia_llava_minigpt/lib/python3.12/site-packages (from scikit-image==0.25.2) (11.3.0)
Requirement already satisfied: imageio!=2.35.0,>=2.33 in /local/scratch/clo37/anaconda3/envs/vlm_mia_llava_minigpt/lib/python3.12/site-packages (from scikit-image==0.25.2) (2.37.0)
Collecting tifffile>=2022.8.12 (from scikit-image==0.25.2)
  Downloading tifffile-2025.10.16-py3-none-any.whl.metadata (31 kB)
Requirement already satisfied: packaging>=21 in /local/scratch/clo37/anaconda3/envs/vlm_mia_llava_minigpt/lib/python3.12/site-packages (from scikit-image==0.25.2) (25.0)
Requirement already satisfied: lazy-loader>=0.4 in /local/scratch/clo37/anaconda3/envs/vlm_mia_llava_minigpt/lib/python3.12/site-packages (from scikit-image==0.25.2) (0.4)
Downloading scikit_image-0.25.2-cp312-cp312-manylinux_2_17_x86_64.manylinux2014_x86_64.whl (15.0 MB)
   ━━━━━━━━━━━━━━━━━━━━━━━━━━━━━━━━━━━━━━━━ 15.0/15.0 MB 62.3 MB/s  0:00:00
Downloading scipy-1.16.2-cp312-cp312-manylinux2014_x86_64.manylinux_2_17_x86_64.whl (35.7 MB)
   ━━━━━━━━━━━━━━━━━━━━━━━━━━━━━━━━━━━━━━━━ 35.7/35.7 MB 82.0 MB/s  0:00:00
Downloading tifffile-2025.10.16-py3-none-any.whl (231 kB)
Installing collected packages: tifffile, scipy, scikit-image

Successfully installed scikit-image-0.25.2 scipy-1.16.2 tifffile-2025.10.16
Looking in indexes: https://pypi.org/simple, https://download.pytorch.org/whl/cu126
Collecting scikit-learn==1.7.2
  Downloading scikit_learn-1.7.2-cp312-cp312-manylinux2014_x86_64.manylinux_2_17_x86_64.whl.metadata (11 kB)
Requirement already satisfied: numpy>=1.22.0 in /local/scratch/clo37/anaconda3/envs/vlm_mia_llava_minigpt/lib/python3.12/site-packages (from scikit-learn==1.7.2) (2.2.6)
Requirement already satisfied: scipy>=1.8.0 in /local/scratch/clo37/anaconda3/envs/vlm_mia_llava_minigpt/lib/python3.12/site-packages (from scikit-learn==1.7.2) (1.16.2)
Requirement already satisfied: joblib>=1.2.0 in /local/scratch/clo37/anaconda3/envs/vlm_mia_llava_minigpt/lib/python3.12/site-packages (from scikit-learn==1.7.2) (1.5.2)
Collecting threadpoolctl>=3.1.0 (from scikit-learn==1.7.2)
  Using cached threadpoolctl-3.6.0-py3-none-any.whl.metadata (13 kB)
Downloading scikit_learn-1.7.2-cp312-cp312-manylinux2014_x86_64.manylinux_2_17_x86_64.whl (9.5 MB)
   ━━━━━━━━━━━━━━━━━━━━━━━━━━━━━━━━━━━━━━━━ 9.5/9.5 MB 35.2 MB/s  0:00:00
Using cached threadpoolctl-3.6.0-py3-none-any.whl (18 kB)
Installing collected packages: threadpoolctl, scikit-learn

Successfully installed scikit-learn-1.7.2 threadpoolctl-3.6.0
Looking in indexes: https://pypi.org/simple, https://download.pytorch.org/whl/cu126
Requirement already satisfied: scipy==1.16.2 in /local/scratch/clo37/anaconda3/envs/vlm_mia_llava_minigpt/lib/python3.12/site-packages (1.16.2)
Requirement already satisfied: numpy<2.6,>=1.25.2 in /local/scratch/clo37/anaconda3/envs/vlm_mia_llava_minigpt/lib/python3.12/site-packages (from scipy==1.16.2) (2.2.6)
Looking in indexes: https://pypi.org/simple, https://download.pytorch.org/whl/cu126
Collecting sentencepiece==0.2.1
  Downloading sentencepiece-0.2.1-cp312-cp312-manylinux_2_27_x86_64.manylinux_2_28_x86_64.whl.metadata (10 kB)
Downloading sentencepiece-0.2.1-cp312-cp312-manylinux_2_27_x86_64.manylinux_2_28_x86_64.whl (1.4 MB)
   ━━━━━━━━━━━━━━━━━━━━━━━━━━━━━━━━━━━━━━━━ 1.4/1.4 MB 21.9 MB/s  0:00:00
Installing collected packages: sentencepiece
Successfully installed sentencepiece-0.2.1
Looking in indexes: https://pypi.org/simple, https://download.pytorch.org/whl/cu126
Collecting sentry-sdk==2.39.0
  Downloading sentry_sdk-2.39.0-py2.py3-none-any.whl.metadata (10 kB)
Requirement already satisfied: urllib3>=1.26.11 in /local/scratch/clo37/anaconda3/envs/vlm_mia_llava_minigpt/lib/python3.12/site-packages (from sentry-sdk==2.39.0) (2.5.0)
Requirement already satisfied: certifi in /local/scratch/clo37/anaconda3/envs/vlm_mia_llava_minigpt/lib/python3.12/site-packages (from sentry-sdk==2.39.0) (2025.7.14)
Downloading sentry_sdk-2.39.0-py2.py3-none-any.whl (370 kB)
Installing collected packages: sentry-sdk
Successfully installed sentry-sdk-2.39.0
Looking in indexes: https://pypi.org/simple, https://download.pytorch.org/whl/cu126
Collecting setuptools==78.1.1
  Downloading setuptools-78.1.1-py3-none-any.whl.metadata (6.5 kB)
Downloading setuptools-78.1.1-py3-none-any.whl (1.3 MB)
   ━━━━━━━━━━━━━━━━━━━━━━━━━━━━━━━━━━━━━━━━ 1.3/1.3 MB 45.1 MB/s  0:00:00
Installing collected packages: setuptools
  Attempting uninstall: setuptools
    Found existing installation: setuptools 80.9.0
    Uninstalling setuptools-80.9.0:
      Successfully uninstalled setuptools-80.9.0
Successfully installed setuptools-78.1.1
Looking in indexes: https://pypi.org/simple, https://download.pytorch.org/whl/cu126
Requirement already satisfied: six==1.17.0 in /local/scratch/clo37/anaconda3/envs/vlm_mia_llava_minigpt/lib/python3.12/site-packages (1.17.0)
Looking in indexes: https://pypi.org/simple, https://download.pytorch.org/whl/cu126
Requirement already satisfied: smmap==5.0.2 in /local/scratch/clo37/anaconda3/envs/vlm_mia_llava_minigpt/lib/python3.12/site-packages (5.0.2)
Looking in indexes: https://pypi.org/simple, https://download.pytorch.org/whl/cu126
Requirement already satisfied: sympy==1.14.0 in /local/scratch/clo37/anaconda3/envs/vlm_mia_llava_minigpt/lib/python3.12/site-packages (1.14.0)
Requirement already satisfied: mpmath<1.4,>=1.1.0 in /local/scratch/clo37/anaconda3/envs/vlm_mia_llava_minigpt/lib/python3.12/site-packages (from sympy==1.14.0) (1.3.0)
Looking in indexes: https://pypi.org/simple, https://download.pytorch.org/whl/cu126
Requirement already satisfied: threadpoolctl==3.6.0 in /local/scratch/clo37/anaconda3/envs/vlm_mia_llava_minigpt/lib/python3.12/site-packages (3.6.0)
Looking in indexes: https://pypi.org/simple, https://download.pytorch.org/whl/cu126
Collecting tifffile==2025.9.30
  Downloading tifffile-2025.9.30-py3-none-any.whl.metadata (30 kB)
Requirement already satisfied: numpy in /local/scratch/clo37/anaconda3/envs/vlm_mia_llava_minigpt/lib/python3.12/site-packages (from tifffile==2025.9.30) (2.2.6)
Downloading tifffile-2025.9.30-py3-none-any.whl (230 kB)
Installing collected packages: tifffile
  Attempting uninstall: tifffile
    Found existing installation: tifffile 2025.10.16
    Uninstalling tifffile-2025.10.16:
      Successfully uninstalled tifffile-2025.10.16
Successfully installed tifffile-2025.9.30
Looking in indexes: https://pypi.org/simple, https://download.pytorch.org/whl/cu126
Collecting timm==1.0.20
  Downloading timm-1.0.20-py3-none-any.whl.metadata (61 kB)
Requirement already satisfied: torch in /local/scratch/clo37/anaconda3/envs/vlm_mia_llava_minigpt/lib/python3.12/site-packages (from timm==1.0.20) (2.9.0+cu126)
Collecting torchvision (from timm==1.0.20)
  Downloading https://download.pytorch.org/whl/cu126/torchvision-0.24.0%2Bcu126-cp312-cp312-manylinux_2_28_x86_64.whl.metadata (5.9 kB)
Requirement already satisfied: pyyaml in /local/scratch/clo37/anaconda3/envs/vlm_mia_llava_minigpt/lib/python3.12/site-packages (from timm==1.0.20) (6.0.2)
Requirement already satisfied: huggingface_hub in /local/scratch/clo37/anaconda3/envs/vlm_mia_llava_minigpt/lib/python3.12/site-packages (from timm==1.0.20) (0.35.3)
Requirement already satisfied: safetensors in /local/scratch/clo37/anaconda3/envs/vlm_mia_llava_minigpt/lib/python3.12/site-packages (from timm==1.0.20) (0.5.3)
Requirement already satisfied: filelock in /local/scratch/clo37/anaconda3/envs/vlm_mia_llava_minigpt/lib/python3.12/site-packages (from huggingface_hub->timm==1.0.20) (3.18.0)
Requirement already satisfied: fsspec>=2023.5.0 in /local/scratch/clo37/anaconda3/envs/vlm_mia_llava_minigpt/lib/python3.12/site-packages (from huggingface_hub->timm==1.0.20) (2025.7.0)
Requirement already satisfied: packaging>=20.9 in /local/scratch/clo37/anaconda3/envs/vlm_mia_llava_minigpt/lib/python3.12/site-packages (from huggingface_hub->timm==1.0.20) (25.0)
Requirement already satisfied: requests in /local/scratch/clo37/anaconda3/envs/vlm_mia_llava_minigpt/lib/python3.12/site-packages (from huggingface_hub->timm==1.0.20) (2.32.4)
Requirement already satisfied: tqdm>=4.42.1 in /local/scratch/clo37/anaconda3/envs/vlm_mia_llava_minigpt/lib/python3.12/site-packages (from huggingface_hub->timm==1.0.20) (4.67.1)
Requirement already satisfied: typing-extensions>=3.7.4.3 in /local/scratch/clo37/anaconda3/envs/vlm_mia_llava_minigpt/lib/python3.12/site-packages (from huggingface_hub->timm==1.0.20) (4.15.0)
Requirement already satisfied: hf-xet<2.0.0,>=1.1.3 in /local/scratch/clo37/anaconda3/envs/vlm_mia_llava_minigpt/lib/python3.12/site-packages (from huggingface_hub->timm==1.0.20) (1.1.5)
Requirement already satisfied: charset_normalizer<4,>=2 in /local/scratch/clo37/anaconda3/envs/vlm_mia_llava_minigpt/lib/python3.12/site-packages (from requests->huggingface_hub->timm==1.0.20) (3.4.2)
Requirement already satisfied: idna<4,>=2.5 in /local/scratch/clo37/anaconda3/envs/vlm_mia_llava_minigpt/lib/python3.12/site-packages (from requests->huggingface_hub->timm==1.0.20) (3.10)
Requirement already satisfied: urllib3<3,>=1.21.1 in /local/scratch/clo37/anaconda3/envs/vlm_mia_llava_minigpt/lib/python3.12/site-packages (from requests->huggingface_hub->timm==1.0.20) (2.5.0)
Requirement already satisfied: certifi>=2017.4.17 in /local/scratch/clo37/anaconda3/envs/vlm_mia_llava_minigpt/lib/python3.12/site-packages (from requests->huggingface_hub->timm==1.0.20) (2025.7.14)
Requirement already satisfied: setuptools in /local/scratch/clo37/anaconda3/envs/vlm_mia_llava_minigpt/lib/python3.12/site-packages (from torch->timm==1.0.20) (78.1.1)
Requirement already satisfied: sympy>=1.13.3 in /local/scratch/clo37/anaconda3/envs/vlm_mia_llava_minigpt/lib/python3.12/site-packages (from torch->timm==1.0.20) (1.14.0)
Requirement already satisfied: networkx>=2.5.1 in /local/scratch/clo37/anaconda3/envs/vlm_mia_llava_minigpt/lib/python3.12/site-packages (from torch->timm==1.0.20) (3.5)
Requirement already satisfied: jinja2 in /local/scratch/clo37/anaconda3/envs/vlm_mia_llava_minigpt/lib/python3.12/site-packages (from torch->timm==1.0.20) (3.1.6)
Requirement already satisfied: nvidia-cuda-nvrtc-cu12==12.6.77 in /local/scratch/clo37/anaconda3/envs/vlm_mia_llava_minigpt/lib/python3.12/site-packages (from torch->timm==1.0.20) (12.6.77)
Requirement already satisfied: nvidia-cuda-runtime-cu12==12.6.77 in /local/scratch/clo37/anaconda3/envs/vlm_mia_llava_minigpt/lib/python3.12/site-packages (from torch->timm==1.0.20) (12.6.77)
Requirement already satisfied: nvidia-cuda-cupti-cu12==12.6.80 in /local/scratch/clo37/anaconda3/envs/vlm_mia_llava_minigpt/lib/python3.12/site-packages (from torch->timm==1.0.20) (12.6.80)
Requirement already satisfied: nvidia-cudnn-cu12==9.10.2.21 in /local/scratch/clo37/anaconda3/envs/vlm_mia_llava_minigpt/lib/python3.12/site-packages (from torch->timm==1.0.20) (9.10.2.21)
Requirement already satisfied: nvidia-cublas-cu12==12.6.4.1 in /local/scratch/clo37/anaconda3/envs/vlm_mia_llava_minigpt/lib/python3.12/site-packages (from torch->timm==1.0.20) (12.6.4.1)
Requirement already satisfied: nvidia-cufft-cu12==11.3.0.4 in /local/scratch/clo37/anaconda3/envs/vlm_mia_llava_minigpt/lib/python3.12/site-packages (from torch->timm==1.0.20) (11.3.0.4)
Requirement already satisfied: nvidia-curand-cu12==10.3.7.77 in /local/scratch/clo37/anaconda3/envs/vlm_mia_llava_minigpt/lib/python3.12/site-packages (from torch->timm==1.0.20) (10.3.7.77)
Requirement already satisfied: nvidia-cusolver-cu12==11.7.1.2 in /local/scratch/clo37/anaconda3/envs/vlm_mia_llava_minigpt/lib/python3.12/site-packages (from torch->timm==1.0.20) (11.7.1.2)
Requirement already satisfied: nvidia-cusparse-cu12==12.5.4.2 in /local/scratch/clo37/anaconda3/envs/vlm_mia_llava_minigpt/lib/python3.12/site-packages (from torch->timm==1.0.20) (12.5.4.2)
Requirement already satisfied: nvidia-cusparselt-cu12==0.7.1 in /local/scratch/clo37/anaconda3/envs/vlm_mia_llava_minigpt/lib/python3.12/site-packages (from torch->timm==1.0.20) (0.7.1)
Requirement already satisfied: nvidia-nccl-cu12==2.27.5 in /local/scratch/clo37/anaconda3/envs/vlm_mia_llava_minigpt/lib/python3.12/site-packages (from torch->timm==1.0.20) (2.27.5)
Requirement already satisfied: nvidia-nvshmem-cu12==3.3.20 in /local/scratch/clo37/anaconda3/envs/vlm_mia_llava_minigpt/lib/python3.12/site-packages (from torch->timm==1.0.20) (3.3.20)
Requirement already satisfied: nvidia-nvtx-cu12==12.6.77 in /local/scratch/clo37/anaconda3/envs/vlm_mia_llava_minigpt/lib/python3.12/site-packages (from torch->timm==1.0.20) (12.6.77)
Requirement already satisfied: nvidia-nvjitlink-cu12==12.6.85 in /local/scratch/clo37/anaconda3/envs/vlm_mia_llava_minigpt/lib/python3.12/site-packages (from torch->timm==1.0.20) (12.6.85)
Requirement already satisfied: nvidia-cufile-cu12==1.11.1.6 in /local/scratch/clo37/anaconda3/envs/vlm_mia_llava_minigpt/lib/python3.12/site-packages (from torch->timm==1.0.20) (1.11.1.6)
Requirement already satisfied: triton==3.5.0 in /local/scratch/clo37/anaconda3/envs/vlm_mia_llava_minigpt/lib/python3.12/site-packages (from torch->timm==1.0.20) (3.5.0)
Requirement already satisfied: mpmath<1.4,>=1.1.0 in /local/scratch/clo37/anaconda3/envs/vlm_mia_llava_minigpt/lib/python3.12/site-packages (from sympy>=1.13.3->torch->timm==1.0.20) (1.3.0)
Requirement already satisfied: MarkupSafe>=2.0 in /local/scratch/clo37/anaconda3/envs/vlm_mia_llava_minigpt/lib/python3.12/site-packages (from jinja2->torch->timm==1.0.20) (3.0.2)
Requirement already satisfied: numpy in /local/scratch/clo37/anaconda3/envs/vlm_mia_llava_minigpt/lib/python3.12/site-packages (from torchvision->timm==1.0.20) (2.2.6)
Requirement already satisfied: pillow!=8.3.*,>=5.3.0 in /local/scratch/clo37/anaconda3/envs/vlm_mia_llava_minigpt/lib/python3.12/site-packages (from torchvision->timm==1.0.20) (11.3.0)
Downloading timm-1.0.20-py3-none-any.whl (2.5 MB)
   ━━━━━━━━━━━━━━━━━━━━━━━━━━━━━━━━━━━━━━━━ 2.5/2.5 MB 75.0 MB/s  0:00:00
Downloading https://download.pytorch.org/whl/cu126/torchvision-0.24.0%2Bcu126-cp312-cp312-manylinux_2_28_x86_64.whl (7.3 MB)
   ━━━━━━━━━━━━━━━━━━━━━━━━━━━━━━━━━━━━━━━━ 7.3/7.3 MB 123.6 MB/s  0:00:00
Installing collected packages: torchvision, timm

Successfully installed timm-1.0.20 torchvision-0.24.0+cu126
Looking in indexes: https://pypi.org/simple, https://download.pytorch.org/whl/cu126
Requirement already satisfied: tokenizers==0.22.1 in /local/scratch/clo37/anaconda3/envs/vlm_mia_llava_minigpt/lib/python3.12/site-packages (0.22.1)
Requirement already satisfied: huggingface-hub<2.0,>=0.16.4 in /local/scratch/clo37/anaconda3/envs/vlm_mia_llava_minigpt/lib/python3.12/site-packages (from tokenizers==0.22.1) (0.35.3)
Requirement already satisfied: filelock in /local/scratch/clo37/anaconda3/envs/vlm_mia_llava_minigpt/lib/python3.12/site-packages (from huggingface-hub<2.0,>=0.16.4->tokenizers==0.22.1) (3.18.0)
Requirement already satisfied: fsspec>=2023.5.0 in /local/scratch/clo37/anaconda3/envs/vlm_mia_llava_minigpt/lib/python3.12/site-packages (from huggingface-hub<2.0,>=0.16.4->tokenizers==0.22.1) (2025.7.0)
Requirement already satisfied: packaging>=20.9 in /local/scratch/clo37/anaconda3/envs/vlm_mia_llava_minigpt/lib/python3.12/site-packages (from huggingface-hub<2.0,>=0.16.4->tokenizers==0.22.1) (25.0)
Requirement already satisfied: pyyaml>=5.1 in /local/scratch/clo37/anaconda3/envs/vlm_mia_llava_minigpt/lib/python3.12/site-packages (from huggingface-hub<2.0,>=0.16.4->tokenizers==0.22.1) (6.0.2)
Requirement already satisfied: requests in /local/scratch/clo37/anaconda3/envs/vlm_mia_llava_minigpt/lib/python3.12/site-packages (from huggingface-hub<2.0,>=0.16.4->tokenizers==0.22.1) (2.32.4)
Requirement already satisfied: tqdm>=4.42.1 in /local/scratch/clo37/anaconda3/envs/vlm_mia_llava_minigpt/lib/python3.12/site-packages (from huggingface-hub<2.0,>=0.16.4->tokenizers==0.22.1) (4.67.1)
Requirement already satisfied: typing-extensions>=3.7.4.3 in /local/scratch/clo37/anaconda3/envs/vlm_mia_llava_minigpt/lib/python3.12/site-packages (from huggingface-hub<2.0,>=0.16.4->tokenizers==0.22.1) (4.15.0)
Requirement already satisfied: hf-xet<2.0.0,>=1.1.3 in /local/scratch/clo37/anaconda3/envs/vlm_mia_llava_minigpt/lib/python3.12/site-packages (from huggingface-hub<2.0,>=0.16.4->tokenizers==0.22.1) (1.1.5)
Requirement already satisfied: charset_normalizer<4,>=2 in /local/scratch/clo37/anaconda3/envs/vlm_mia_llava_minigpt/lib/python3.12/site-packages (from requests->huggingface-hub<2.0,>=0.16.4->tokenizers==0.22.1) (3.4.2)
Requirement already satisfied: idna<4,>=2.5 in /local/scratch/clo37/anaconda3/envs/vlm_mia_llava_minigpt/lib/python3.12/site-packages (from requests->huggingface-hub<2.0,>=0.16.4->tokenizers==0.22.1) (3.10)
Requirement already satisfied: urllib3<3,>=1.21.1 in /local/scratch/clo37/anaconda3/envs/vlm_mia_llava_minigpt/lib/python3.12/site-packages (from requests->huggingface-hub<2.0,>=0.16.4->tokenizers==0.22.1) (2.5.0)
Requirement already satisfied: certifi>=2017.4.17 in /local/scratch/clo37/anaconda3/envs/vlm_mia_llava_minigpt/lib/python3.12/site-packages (from requests->huggingface-hub<2.0,>=0.16.4->tokenizers==0.22.1) (2025.7.14)
Looking in indexes: https://pypi.org/simple, https://download.pytorch.org/whl/cu126
Collecting torch==2.7.1
  Downloading https://download.pytorch.org/whl/cu126/torch-2.7.1%2Bcu126-cp312-cp312-manylinux_2_28_x86_64.whl.metadata (29 kB)
Requirement already satisfied: filelock in /local/scratch/clo37/anaconda3/envs/vlm_mia_llava_minigpt/lib/python3.12/site-packages (from torch==2.7.1) (3.18.0)
Requirement already satisfied: typing-extensions>=4.10.0 in /local/scratch/clo37/anaconda3/envs/vlm_mia_llava_minigpt/lib/python3.12/site-packages (from torch==2.7.1) (4.15.0)
Requirement already satisfied: setuptools in /local/scratch/clo37/anaconda3/envs/vlm_mia_llava_minigpt/lib/python3.12/site-packages (from torch==2.7.1) (78.1.1)
Requirement already satisfied: sympy>=1.13.3 in /local/scratch/clo37/anaconda3/envs/vlm_mia_llava_minigpt/lib/python3.12/site-packages (from torch==2.7.1) (1.14.0)
Requirement already satisfied: networkx in /local/scratch/clo37/anaconda3/envs/vlm_mia_llava_minigpt/lib/python3.12/site-packages (from torch==2.7.1) (3.5)
Requirement already satisfied: jinja2 in /local/scratch/clo37/anaconda3/envs/vlm_mia_llava_minigpt/lib/python3.12/site-packages (from torch==2.7.1) (3.1.6)
Requirement already satisfied: fsspec in /local/scratch/clo37/anaconda3/envs/vlm_mia_llava_minigpt/lib/python3.12/site-packages (from torch==2.7.1) (2025.7.0)
Requirement already satisfied: nvidia-cuda-nvrtc-cu12==12.6.77 in /local/scratch/clo37/anaconda3/envs/vlm_mia_llava_minigpt/lib/python3.12/site-packages (from torch==2.7.1) (12.6.77)
Requirement already satisfied: nvidia-cuda-runtime-cu12==12.6.77 in /local/scratch/clo37/anaconda3/envs/vlm_mia_llava_minigpt/lib/python3.12/site-packages (from torch==2.7.1) (12.6.77)
Requirement already satisfied: nvidia-cuda-cupti-cu12==12.6.80 in /local/scratch/clo37/anaconda3/envs/vlm_mia_llava_minigpt/lib/python3.12/site-packages (from torch==2.7.1) (12.6.80)
Collecting nvidia-cudnn-cu12==9.5.1.17 (from torch==2.7.1)
  Using cached https://download.pytorch.org/whl/cu126/nvidia_cudnn_cu12-9.5.1.17-py3-none-manylinux_2_28_x86_64.whl.metadata (1.6 kB)
Requirement already satisfied: nvidia-cublas-cu12==12.6.4.1 in /local/scratch/clo37/anaconda3/envs/vlm_mia_llava_minigpt/lib/python3.12/site-packages (from torch==2.7.1) (12.6.4.1)
Requirement already satisfied: nvidia-cufft-cu12==11.3.0.4 in /local/scratch/clo37/anaconda3/envs/vlm_mia_llava_minigpt/lib/python3.12/site-packages (from torch==2.7.1) (11.3.0.4)
Requirement already satisfied: nvidia-curand-cu12==10.3.7.77 in /local/scratch/clo37/anaconda3/envs/vlm_mia_llava_minigpt/lib/python3.12/site-packages (from torch==2.7.1) (10.3.7.77)
Requirement already satisfied: nvidia-cusolver-cu12==11.7.1.2 in /local/scratch/clo37/anaconda3/envs/vlm_mia_llava_minigpt/lib/python3.12/site-packages (from torch==2.7.1) (11.7.1.2)
Requirement already satisfied: nvidia-cusparse-cu12==12.5.4.2 in /local/scratch/clo37/anaconda3/envs/vlm_mia_llava_minigpt/lib/python3.12/site-packages (from torch==2.7.1) (12.5.4.2)
Collecting nvidia-cusparselt-cu12==0.6.3 (from torch==2.7.1)
  Using cached https://download.pytorch.org/whl/nvidia_cusparselt_cu12-0.6.3-py3-none-manylinux2014_x86_64.whl.metadata (6.8 kB)
Collecting nvidia-nccl-cu12==2.26.2 (from torch==2.7.1)
  Using cached https://download.pytorch.org/whl/cu126/nvidia_nccl_cu12-2.26.2-py3-none-manylinux2014_x86_64.manylinux_2_17_x86_64.whl.metadata (2.0 kB)
Requirement already satisfied: nvidia-nvtx-cu12==12.6.77 in /local/scratch/clo37/anaconda3/envs/vlm_mia_llava_minigpt/lib/python3.12/site-packages (from torch==2.7.1) (12.6.77)
Requirement already satisfied: nvidia-nvjitlink-cu12==12.6.85 in /local/scratch/clo37/anaconda3/envs/vlm_mia_llava_minigpt/lib/python3.12/site-packages (from torch==2.7.1) (12.6.85)
Requirement already satisfied: nvidia-cufile-cu12==1.11.1.6 in /local/scratch/clo37/anaconda3/envs/vlm_mia_llava_minigpt/lib/python3.12/site-packages (from torch==2.7.1) (1.11.1.6)
Collecting triton==3.3.1 (from torch==2.7.1)
  Downloading https://download.pytorch.org/whl/triton-3.3.1-cp312-cp312-manylinux_2_27_x86_64.manylinux_2_28_x86_64.whl.metadata (1.5 kB)
Requirement already satisfied: mpmath<1.4,>=1.1.0 in /local/scratch/clo37/anaconda3/envs/vlm_mia_llava_minigpt/lib/python3.12/site-packages (from sympy>=1.13.3->torch==2.7.1) (1.3.0)
Requirement already satisfied: MarkupSafe>=2.0 in /local/scratch/clo37/anaconda3/envs/vlm_mia_llava_minigpt/lib/python3.12/site-packages (from jinja2->torch==2.7.1) (3.0.2)
Downloading https://download.pytorch.org/whl/cu126/torch-2.7.1%2Bcu126-cp312-cp312-manylinux_2_28_x86_64.whl (822.0 MB)
   ━━━━━━━━━━━━━━━━━━━━━━━━━━━━━━━━━━━━━━━━ 822.0/822.0 MB 36.0 MB/s  0:00:19
Using cached https://download.pytorch.org/whl/cu126/nvidia_cudnn_cu12-9.5.1.17-py3-none-manylinux_2_28_x86_64.whl (571.0 MB)
Using cached https://download.pytorch.org/whl/nvidia_cusparselt_cu12-0.6.3-py3-none-manylinux2014_x86_64.whl (156.8 MB)
Using cached https://download.pytorch.org/whl/cu126/nvidia_nccl_cu12-2.26.2-py3-none-manylinux2014_x86_64.manylinux_2_17_x86_64.whl (201.3 MB)
Downloading https://download.pytorch.org/whl/triton-3.3.1-cp312-cp312-manylinux_2_27_x86_64.manylinux_2_28_x86_64.whl (155.7 MB)
   ━━━━━━━━━━━━━━━━━━━━━━━━━━━━━━━━━━━━━━━━ 155.7/155.7 MB 192.8 MB/s  0:00:00
Installing collected packages: nvidia-cusparselt-cu12, triton, nvidia-nccl-cu12, nvidia-cudnn-cu12, torch
  Attempting uninstall: nvidia-cusparselt-cu12
    Found existing installation: nvidia-cusparselt-cu12 0.7.1
    Uninstalling nvidia-cusparselt-cu12-0.7.1:
      Successfully uninstalled nvidia-cusparselt-cu12-0.7.1
  Attempting uninstall: triton
    Found existing installation: triton 3.5.0
    Uninstalling triton-3.5.0:
      Successfully uninstalled triton-3.5.0
  Attempting uninstall: nvidia-nccl-cu12
    Found existing installation: nvidia-nccl-cu12 2.27.5
    Uninstalling nvidia-nccl-cu12-2.27.5:
      Successfully uninstalled nvidia-nccl-cu12-2.27.5
  Attempting uninstall: nvidia-cudnn-cu12
    Found existing installation: nvidia-cudnn-cu12 9.10.2.21
    Uninstalling nvidia-cudnn-cu12-9.10.2.21:
      Successfully uninstalled nvidia-cudnn-cu12-9.10.2.21
  Attempting uninstall: torch
    Found existing installation: torch 2.9.0+cu126
    Uninstalling torch-2.9.0+cu126:
      Successfully uninstalled torch-2.9.0+cu126

ERROR: pip's dependency resolver does not currently take into account all the packages that are installed. This behaviour is the source of the following dependency conflicts.
torchvision 0.24.0+cu126 requires torch==2.9.0, but you have torch 2.7.1+cu126 which is incompatible.
Successfully installed nvidia-cudnn-cu12-9.5.1.17 nvidia-cusparselt-cu12-0.6.3 nvidia-nccl-cu12-2.26.2 torch-2.7.1+cu126 triton-3.3.1
Looking in indexes: https://pypi.org/simple, https://download.pytorch.org/whl/cu126
Collecting torchaudio==2.7.1
  Downloading https://download.pytorch.org/whl/cu126/torchaudio-2.7.1%2Bcu126-cp312-cp312-manylinux_2_28_x86_64.whl.metadata (6.6 kB)
Requirement already satisfied: torch==2.7.1 in /local/scratch/clo37/anaconda3/envs/vlm_mia_llava_minigpt/lib/python3.12/site-packages (from torchaudio==2.7.1) (2.7.1+cu126)
Requirement already satisfied: filelock in /local/scratch/clo37/anaconda3/envs/vlm_mia_llava_minigpt/lib/python3.12/site-packages (from torch==2.7.1->torchaudio==2.7.1) (3.18.0)
Requirement already satisfied: typing-extensions>=4.10.0 in /local/scratch/clo37/anaconda3/envs/vlm_mia_llava_minigpt/lib/python3.12/site-packages (from torch==2.7.1->torchaudio==2.7.1) (4.15.0)
Requirement already satisfied: setuptools in /local/scratch/clo37/anaconda3/envs/vlm_mia_llava_minigpt/lib/python3.12/site-packages (from torch==2.7.1->torchaudio==2.7.1) (78.1.1)
Requirement already satisfied: sympy>=1.13.3 in /local/scratch/clo37/anaconda3/envs/vlm_mia_llava_minigpt/lib/python3.12/site-packages (from torch==2.7.1->torchaudio==2.7.1) (1.14.0)
Requirement already satisfied: networkx in /local/scratch/clo37/anaconda3/envs/vlm_mia_llava_minigpt/lib/python3.12/site-packages (from torch==2.7.1->torchaudio==2.7.1) (3.5)
Requirement already satisfied: jinja2 in /local/scratch/clo37/anaconda3/envs/vlm_mia_llava_minigpt/lib/python3.12/site-packages (from torch==2.7.1->torchaudio==2.7.1) (3.1.6)
Requirement already satisfied: fsspec in /local/scratch/clo37/anaconda3/envs/vlm_mia_llava_minigpt/lib/python3.12/site-packages (from torch==2.7.1->torchaudio==2.7.1) (2025.7.0)
Requirement already satisfied: nvidia-cuda-nvrtc-cu12==12.6.77 in /local/scratch/clo37/anaconda3/envs/vlm_mia_llava_minigpt/lib/python3.12/site-packages (from torch==2.7.1->torchaudio==2.7.1) (12.6.77)
Requirement already satisfied: nvidia-cuda-runtime-cu12==12.6.77 in /local/scratch/clo37/anaconda3/envs/vlm_mia_llava_minigpt/lib/python3.12/site-packages (from torch==2.7.1->torchaudio==2.7.1) (12.6.77)
Requirement already satisfied: nvidia-cuda-cupti-cu12==12.6.80 in /local/scratch/clo37/anaconda3/envs/vlm_mia_llava_minigpt/lib/python3.12/site-packages (from torch==2.7.1->torchaudio==2.7.1) (12.6.80)
Requirement already satisfied: nvidia-cudnn-cu12==9.5.1.17 in /local/scratch/clo37/anaconda3/envs/vlm_mia_llava_minigpt/lib/python3.12/site-packages (from torch==2.7.1->torchaudio==2.7.1) (9.5.1.17)
Requirement already satisfied: nvidia-cublas-cu12==12.6.4.1 in /local/scratch/clo37/anaconda3/envs/vlm_mia_llava_minigpt/lib/python3.12/site-packages (from torch==2.7.1->torchaudio==2.7.1) (12.6.4.1)
Requirement already satisfied: nvidia-cufft-cu12==11.3.0.4 in /local/scratch/clo37/anaconda3/envs/vlm_mia_llava_minigpt/lib/python3.12/site-packages (from torch==2.7.1->torchaudio==2.7.1) (11.3.0.4)
Requirement already satisfied: nvidia-curand-cu12==10.3.7.77 in /local/scratch/clo37/anaconda3/envs/vlm_mia_llava_minigpt/lib/python3.12/site-packages (from torch==2.7.1->torchaudio==2.7.1) (10.3.7.77)
Requirement already satisfied: nvidia-cusolver-cu12==11.7.1.2 in /local/scratch/clo37/anaconda3/envs/vlm_mia_llava_minigpt/lib/python3.12/site-packages (from torch==2.7.1->torchaudio==2.7.1) (11.7.1.2)
Requirement already satisfied: nvidia-cusparse-cu12==12.5.4.2 in /local/scratch/clo37/anaconda3/envs/vlm_mia_llava_minigpt/lib/python3.12/site-packages (from torch==2.7.1->torchaudio==2.7.1) (12.5.4.2)
Requirement already satisfied: nvidia-cusparselt-cu12==0.6.3 in /local/scratch/clo37/anaconda3/envs/vlm_mia_llava_minigpt/lib/python3.12/site-packages (from torch==2.7.1->torchaudio==2.7.1) (0.6.3)
Requirement already satisfied: nvidia-nccl-cu12==2.26.2 in /local/scratch/clo37/anaconda3/envs/vlm_mia_llava_minigpt/lib/python3.12/site-packages (from torch==2.7.1->torchaudio==2.7.1) (2.26.2)
Requirement already satisfied: nvidia-nvtx-cu12==12.6.77 in /local/scratch/clo37/anaconda3/envs/vlm_mia_llava_minigpt/lib/python3.12/site-packages (from torch==2.7.1->torchaudio==2.7.1) (12.6.77)
Requirement already satisfied: nvidia-nvjitlink-cu12==12.6.85 in /local/scratch/clo37/anaconda3/envs/vlm_mia_llava_minigpt/lib/python3.12/site-packages (from torch==2.7.1->torchaudio==2.7.1) (12.6.85)
Requirement already satisfied: nvidia-cufile-cu12==1.11.1.6 in /local/scratch/clo37/anaconda3/envs/vlm_mia_llava_minigpt/lib/python3.12/site-packages (from torch==2.7.1->torchaudio==2.7.1) (1.11.1.6)
Requirement already satisfied: triton==3.3.1 in /local/scratch/clo37/anaconda3/envs/vlm_mia_llava_minigpt/lib/python3.12/site-packages (from torch==2.7.1->torchaudio==2.7.1) (3.3.1)
Requirement already satisfied: mpmath<1.4,>=1.1.0 in /local/scratch/clo37/anaconda3/envs/vlm_mia_llava_minigpt/lib/python3.12/site-packages (from sympy>=1.13.3->torch==2.7.1->torchaudio==2.7.1) (1.3.0)
Requirement already satisfied: MarkupSafe>=2.0 in /local/scratch/clo37/anaconda3/envs/vlm_mia_llava_minigpt/lib/python3.12/site-packages (from jinja2->torch==2.7.1->torchaudio==2.7.1) (3.0.2)
Downloading https://download.pytorch.org/whl/cu126/torchaudio-2.7.1%2Bcu126-cp312-cp312-manylinux_2_28_x86_64.whl (3.5 MB)
   ━━━━━━━━━━━━━━━━━━━━━━━━━━━━━━━━━━━━━━━━ 3.5/3.5 MB 20.4 MB/s  0:00:00
Installing collected packages: torchaudio
Successfully installed torchaudio-2.7.1+cu126
Looking in indexes: https://pypi.org/simple, https://download.pytorch.org/whl/cu126
Collecting torchvision==0.22.1
  Downloading https://download.pytorch.org/whl/cu126/torchvision-0.22.1%2Bcu126-cp312-cp312-manylinux_2_28_x86_64.whl.metadata (6.1 kB)
Requirement already satisfied: numpy in /local/scratch/clo37/anaconda3/envs/vlm_mia_llava_minigpt/lib/python3.12/site-packages (from torchvision==0.22.1) (2.2.6)
Requirement already satisfied: torch==2.7.1 in /local/scratch/clo37/anaconda3/envs/vlm_mia_llava_minigpt/lib/python3.12/site-packages (from torchvision==0.22.1) (2.7.1+cu126)
Requirement already satisfied: pillow!=8.3.*,>=5.3.0 in /local/scratch/clo37/anaconda3/envs/vlm_mia_llava_minigpt/lib/python3.12/site-packages (from torchvision==0.22.1) (11.3.0)
Requirement already satisfied: filelock in /local/scratch/clo37/anaconda3/envs/vlm_mia_llava_minigpt/lib/python3.12/site-packages (from torch==2.7.1->torchvision==0.22.1) (3.18.0)
Requirement already satisfied: typing-extensions>=4.10.0 in /local/scratch/clo37/anaconda3/envs/vlm_mia_llava_minigpt/lib/python3.12/site-packages (from torch==2.7.1->torchvision==0.22.1) (4.15.0)
Requirement already satisfied: setuptools in /local/scratch/clo37/anaconda3/envs/vlm_mia_llava_minigpt/lib/python3.12/site-packages (from torch==2.7.1->torchvision==0.22.1) (78.1.1)
Requirement already satisfied: sympy>=1.13.3 in /local/scratch/clo37/anaconda3/envs/vlm_mia_llava_minigpt/lib/python3.12/site-packages (from torch==2.7.1->torchvision==0.22.1) (1.14.0)
Requirement already satisfied: networkx in /local/scratch/clo37/anaconda3/envs/vlm_mia_llava_minigpt/lib/python3.12/site-packages (from torch==2.7.1->torchvision==0.22.1) (3.5)
Requirement already satisfied: jinja2 in /local/scratch/clo37/anaconda3/envs/vlm_mia_llava_minigpt/lib/python3.12/site-packages (from torch==2.7.1->torchvision==0.22.1) (3.1.6)
Requirement already satisfied: fsspec in /local/scratch/clo37/anaconda3/envs/vlm_mia_llava_minigpt/lib/python3.12/site-packages (from torch==2.7.1->torchvision==0.22.1) (2025.7.0)
Requirement already satisfied: nvidia-cuda-nvrtc-cu12==12.6.77 in /local/scratch/clo37/anaconda3/envs/vlm_mia_llava_minigpt/lib/python3.12/site-packages (from torch==2.7.1->torchvision==0.22.1) (12.6.77)
Requirement already satisfied: nvidia-cuda-runtime-cu12==12.6.77 in /local/scratch/clo37/anaconda3/envs/vlm_mia_llava_minigpt/lib/python3.12/site-packages (from torch==2.7.1->torchvision==0.22.1) (12.6.77)
Requirement already satisfied: nvidia-cuda-cupti-cu12==12.6.80 in /local/scratch/clo37/anaconda3/envs/vlm_mia_llava_minigpt/lib/python3.12/site-packages (from torch==2.7.1->torchvision==0.22.1) (12.6.80)
Requirement already satisfied: nvidia-cudnn-cu12==9.5.1.17 in /local/scratch/clo37/anaconda3/envs/vlm_mia_llava_minigpt/lib/python3.12/site-packages (from torch==2.7.1->torchvision==0.22.1) (9.5.1.17)
Requirement already satisfied: nvidia-cublas-cu12==12.6.4.1 in /local/scratch/clo37/anaconda3/envs/vlm_mia_llava_minigpt/lib/python3.12/site-packages (from torch==2.7.1->torchvision==0.22.1) (12.6.4.1)
Requirement already satisfied: nvidia-cufft-cu12==11.3.0.4 in /local/scratch/clo37/anaconda3/envs/vlm_mia_llava_minigpt/lib/python3.12/site-packages (from torch==2.7.1->torchvision==0.22.1) (11.3.0.4)
Requirement already satisfied: nvidia-curand-cu12==10.3.7.77 in /local/scratch/clo37/anaconda3/envs/vlm_mia_llava_minigpt/lib/python3.12/site-packages (from torch==2.7.1->torchvision==0.22.1) (10.3.7.77)
Requirement already satisfied: nvidia-cusolver-cu12==11.7.1.2 in /local/scratch/clo37/anaconda3/envs/vlm_mia_llava_minigpt/lib/python3.12/site-packages (from torch==2.7.1->torchvision==0.22.1) (11.7.1.2)
Requirement already satisfied: nvidia-cusparse-cu12==12.5.4.2 in /local/scratch/clo37/anaconda3/envs/vlm_mia_llava_minigpt/lib/python3.12/site-packages (from torch==2.7.1->torchvision==0.22.1) (12.5.4.2)
Requirement already satisfied: nvidia-cusparselt-cu12==0.6.3 in /local/scratch/clo37/anaconda3/envs/vlm_mia_llava_minigpt/lib/python3.12/site-packages (from torch==2.7.1->torchvision==0.22.1) (0.6.3)
Requirement already satisfied: nvidia-nccl-cu12==2.26.2 in /local/scratch/clo37/anaconda3/envs/vlm_mia_llava_minigpt/lib/python3.12/site-packages (from torch==2.7.1->torchvision==0.22.1) (2.26.2)
Requirement already satisfied: nvidia-nvtx-cu12==12.6.77 in /local/scratch/clo37/anaconda3/envs/vlm_mia_llava_minigpt/lib/python3.12/site-packages (from torch==2.7.1->torchvision==0.22.1) (12.6.77)
Requirement already satisfied: nvidia-nvjitlink-cu12==12.6.85 in /local/scratch/clo37/anaconda3/envs/vlm_mia_llava_minigpt/lib/python3.12/site-packages (from torch==2.7.1->torchvision==0.22.1) (12.6.85)
Requirement already satisfied: nvidia-cufile-cu12==1.11.1.6 in /local/scratch/clo37/anaconda3/envs/vlm_mia_llava_minigpt/lib/python3.12/site-packages (from torch==2.7.1->torchvision==0.22.1) (1.11.1.6)
Requirement already satisfied: triton==3.3.1 in /local/scratch/clo37/anaconda3/envs/vlm_mia_llava_minigpt/lib/python3.12/site-packages (from torch==2.7.1->torchvision==0.22.1) (3.3.1)
Requirement already satisfied: mpmath<1.4,>=1.1.0 in /local/scratch/clo37/anaconda3/envs/vlm_mia_llava_minigpt/lib/python3.12/site-packages (from sympy>=1.13.3->torch==2.7.1->torchvision==0.22.1) (1.3.0)
Requirement already satisfied: MarkupSafe>=2.0 in /local/scratch/clo37/anaconda3/envs/vlm_mia_llava_minigpt/lib/python3.12/site-packages (from jinja2->torch==2.7.1->torchvision==0.22.1) (3.0.2)
Downloading https://download.pytorch.org/whl/cu126/torchvision-0.22.1%2Bcu126-cp312-cp312-manylinux_2_28_x86_64.whl (7.5 MB)
   ━━━━━━━━━━━━━━━━━━━━━━━━━━━━━━━━━━━━━━━━ 7.5/7.5 MB 59.0 MB/s  0:00:00
Installing collected packages: torchvision
  Attempting uninstall: torchvision
    Found existing installation: torchvision 0.24.0+cu126
    Uninstalling torchvision-0.24.0+cu126:
      Successfully uninstalled torchvision-0.24.0+cu126
Successfully installed torchvision-0.22.1+cu126
Looking in indexes: https://pypi.org/simple, https://download.pytorch.org/whl/cu126
Requirement already satisfied: tqdm==4.67.1 in /local/scratch/clo37/anaconda3/envs/vlm_mia_llava_minigpt/lib/python3.12/site-packages (4.67.1)
Looking in indexes: https://pypi.org/simple, https://download.pytorch.org/whl/cu126
Collecting transformers==4.57.0
  Downloading transformers-4.57.0-py3-none-any.whl.metadata (41 kB)
Requirement already satisfied: filelock in /local/scratch/clo37/anaconda3/envs/vlm_mia_llava_minigpt/lib/python3.12/site-packages (from transformers==4.57.0) (3.18.0)
Requirement already satisfied: huggingface-hub<1.0,>=0.34.0 in /local/scratch/clo37/anaconda3/envs/vlm_mia_llava_minigpt/lib/python3.12/site-packages (from transformers==4.57.0) (0.35.3)
Requirement already satisfied: numpy>=1.17 in /local/scratch/clo37/anaconda3/envs/vlm_mia_llava_minigpt/lib/python3.12/site-packages (from transformers==4.57.0) (2.2.6)
Requirement already satisfied: packaging>=20.0 in /local/scratch/clo37/anaconda3/envs/vlm_mia_llava_minigpt/lib/python3.12/site-packages (from transformers==4.57.0) (25.0)
Requirement already satisfied: pyyaml>=5.1 in /local/scratch/clo37/anaconda3/envs/vlm_mia_llava_minigpt/lib/python3.12/site-packages (from transformers==4.57.0) (6.0.2)
Requirement already satisfied: regex!=2019.12.17 in /local/scratch/clo37/anaconda3/envs/vlm_mia_llava_minigpt/lib/python3.12/site-packages (from transformers==4.57.0) (2024.11.6)
Requirement already satisfied: requests in /local/scratch/clo37/anaconda3/envs/vlm_mia_llava_minigpt/lib/python3.12/site-packages (from transformers==4.57.0) (2.32.4)
Requirement already satisfied: tokenizers<=0.23.0,>=0.22.0 in /local/scratch/clo37/anaconda3/envs/vlm_mia_llava_minigpt/lib/python3.12/site-packages (from transformers==4.57.0) (0.22.1)
Requirement already satisfied: safetensors>=0.4.3 in /local/scratch/clo37/anaconda3/envs/vlm_mia_llava_minigpt/lib/python3.12/site-packages (from transformers==4.57.0) (0.5.3)
Requirement already satisfied: tqdm>=4.27 in /local/scratch/clo37/anaconda3/envs/vlm_mia_llava_minigpt/lib/python3.12/site-packages (from transformers==4.57.0) (4.67.1)
Requirement already satisfied: fsspec>=2023.5.0 in /local/scratch/clo37/anaconda3/envs/vlm_mia_llava_minigpt/lib/python3.12/site-packages (from huggingface-hub<1.0,>=0.34.0->transformers==4.57.0) (2025.7.0)
Requirement already satisfied: typing-extensions>=3.7.4.3 in /local/scratch/clo37/anaconda3/envs/vlm_mia_llava_minigpt/lib/python3.12/site-packages (from huggingface-hub<1.0,>=0.34.0->transformers==4.57.0) (4.15.0)
Requirement already satisfied: hf-xet<2.0.0,>=1.1.3 in /local/scratch/clo37/anaconda3/envs/vlm_mia_llava_minigpt/lib/python3.12/site-packages (from huggingface-hub<1.0,>=0.34.0->transformers==4.57.0) (1.1.5)
Requirement already satisfied: charset_normalizer<4,>=2 in /local/scratch/clo37/anaconda3/envs/vlm_mia_llava_minigpt/lib/python3.12/site-packages (from requests->transformers==4.57.0) (3.4.2)
Requirement already satisfied: idna<4,>=2.5 in /local/scratch/clo37/anaconda3/envs/vlm_mia_llava_minigpt/lib/python3.12/site-packages (from requests->transformers==4.57.0) (3.10)
Requirement already satisfied: urllib3<3,>=1.21.1 in /local/scratch/clo37/anaconda3/envs/vlm_mia_llava_minigpt/lib/python3.12/site-packages (from requests->transformers==4.57.0) (2.5.0)
Requirement already satisfied: certifi>=2017.4.17 in /local/scratch/clo37/anaconda3/envs/vlm_mia_llava_minigpt/lib/python3.12/site-packages (from requests->transformers==4.57.0) (2025.7.14)
WARNING: The candidate selected for download or install is a yanked version: 'transformers' candidate (version 4.57.0 at https://files.pythonhosted.org/packages/e5/2b/4d2708ac1ff5cd708b6548f4c5812d0ae40d1c28591c4c1c762b6dbdef2d/transformers-4.57.0-py3-none-any.whl (from https://pypi.org/simple/transformers/) (requires-python:>=3.9.0))
Reason for being yanked: Error in the setup causing installation issues
Downloading transformers-4.57.0-py3-none-any.whl (12.0 MB)
   ━━━━━━━━━━━━━━━━━━━━━━━━━━━━━━━━━━━━━━━━ 12.0/12.0 MB 29.1 MB/s  0:00:00
Installing collected packages: transformers
  Attempting uninstall: transformers
    Found existing installation: transformers 4.57.1
    Uninstalling transformers-4.57.1:
      Successfully uninstalled transformers-4.57.1
Successfully installed transformers-4.57.0
Looking in indexes: https://pypi.org/simple, https://download.pytorch.org/whl/cu126
Requirement already satisfied: triton==3.3.1 in /local/scratch/clo37/anaconda3/envs/vlm_mia_llava_minigpt/lib/python3.12/site-packages (3.3.1)
Requirement already satisfied: setuptools>=40.8.0 in /local/scratch/clo37/anaconda3/envs/vlm_mia_llava_minigpt/lib/python3.12/site-packages (from triton==3.3.1) (78.1.1)
Looking in indexes: https://pypi.org/simple, https://download.pytorch.org/whl/cu126
Requirement already satisfied: typing-inspection==0.4.2 in /local/scratch/clo37/anaconda3/envs/vlm_mia_llava_minigpt/lib/python3.12/site-packages (0.4.2)
Requirement already satisfied: typing-extensions>=4.12.0 in /local/scratch/clo37/anaconda3/envs/vlm_mia_llava_minigpt/lib/python3.12/site-packages (from typing-inspection==0.4.2) (4.15.0)
Looking in indexes: https://pypi.org/simple, https://download.pytorch.org/whl/cu126
Collecting typing_extensions==4.14.1
  Downloading typing_extensions-4.14.1-py3-none-any.whl.metadata (3.0 kB)
Downloading typing_extensions-4.14.1-py3-none-any.whl (43 kB)
Installing collected packages: typing_extensions
  Attempting uninstall: typing_extensions
    Found existing installation: typing_extensions 4.15.0
    Uninstalling typing_extensions-4.15.0:
      Successfully uninstalled typing_extensions-4.15.0
Successfully installed typing_extensions-4.14.1
Looking in indexes: https://pypi.org/simple, https://download.pytorch.org/whl/cu126
Requirement already satisfied: tzdata==2025.2 in /local/scratch/clo37/anaconda3/envs/vlm_mia_llava_minigpt/lib/python3.12/site-packages (2025.2)
Looking in indexes: https://pypi.org/simple, https://download.pytorch.org/whl/cu126
Requirement already satisfied: urllib3==2.5.0 in /local/scratch/clo37/anaconda3/envs/vlm_mia_llava_minigpt/lib/python3.12/site-packages (2.5.0)
Looking in indexes: https://pypi.org/simple, https://download.pytorch.org/whl/cu126
Collecting visual-genome==1.1.1
  Downloading visual_genome-1.1.1-py2.py3-none-any.whl.metadata (840 bytes)
Requirement already satisfied: progressbar2 in /local/scratch/clo37/anaconda3/envs/vlm_mia_llava_minigpt/lib/python3.12/site-packages (from visual-genome==1.1.1) (4.5.0)
Requirement already satisfied: requests in /local/scratch/clo37/anaconda3/envs/vlm_mia_llava_minigpt/lib/python3.12/site-packages (from visual-genome==1.1.1) (2.32.4)
Requirement already satisfied: python-utils>=3.8.1 in /local/scratch/clo37/anaconda3/envs/vlm_mia_llava_minigpt/lib/python3.12/site-packages (from progressbar2->visual-genome==1.1.1) (3.9.1)
Requirement already satisfied: typing_extensions>3.10.0.2 in /local/scratch/clo37/anaconda3/envs/vlm_mia_llava_minigpt/lib/python3.12/site-packages (from python-utils>=3.8.1->progressbar2->visual-genome==1.1.1) (4.14.1)
Requirement already satisfied: charset_normalizer<4,>=2 in /local/scratch/clo37/anaconda3/envs/vlm_mia_llava_minigpt/lib/python3.12/site-packages (from requests->visual-genome==1.1.1) (3.4.2)
Requirement already satisfied: idna<4,>=2.5 in /local/scratch/clo37/anaconda3/envs/vlm_mia_llava_minigpt/lib/python3.12/site-packages (from requests->visual-genome==1.1.1) (3.10)
Requirement already satisfied: urllib3<3,>=1.21.1 in /local/scratch/clo37/anaconda3/envs/vlm_mia_llava_minigpt/lib/python3.12/site-packages (from requests->visual-genome==1.1.1) (2.5.0)
Requirement already satisfied: certifi>=2017.4.17 in /local/scratch/clo37/anaconda3/envs/vlm_mia_llava_minigpt/lib/python3.12/site-packages (from requests->visual-genome==1.1.1) (2025.7.14)
Downloading visual_genome-1.1.1-py2.py3-none-any.whl (9.6 kB)
Installing collected packages: visual-genome
Successfully installed visual-genome-1.1.1
Looking in indexes: https://pypi.org/simple, https://download.pytorch.org/whl/cu126
Collecting wandb==0.22.1
  Downloading wandb-0.22.1-py3-none-manylinux_2_17_x86_64.manylinux2014_x86_64.whl.metadata (10 kB)
Requirement already satisfied: click>=8.0.1 in /local/scratch/clo37/anaconda3/envs/vlm_mia_llava_minigpt/lib/python3.12/site-packages (from wandb==0.22.1) (8.3.0)
Requirement already satisfied: gitpython!=3.1.29,>=1.0.0 in /local/scratch/clo37/anaconda3/envs/vlm_mia_llava_minigpt/lib/python3.12/site-packages (from wandb==0.22.1) (3.1.45)
Requirement already satisfied: packaging in /local/scratch/clo37/anaconda3/envs/vlm_mia_llava_minigpt/lib/python3.12/site-packages (from wandb==0.22.1) (25.0)
Requirement already satisfied: platformdirs in /local/scratch/clo37/anaconda3/envs/vlm_mia_llava_minigpt/lib/python3.12/site-packages (from wandb==0.22.1) (4.4.0)
Requirement already satisfied: protobuf!=4.21.0,!=5.28.0,<7,>=3.19.0 in /local/scratch/clo37/anaconda3/envs/vlm_mia_llava_minigpt/lib/python3.12/site-packages (from wandb==0.22.1) (6.32.1)
Requirement already satisfied: pydantic<3 in /local/scratch/clo37/anaconda3/envs/vlm_mia_llava_minigpt/lib/python3.12/site-packages (from wandb==0.22.1) (2.11.10)
Requirement already satisfied: pyyaml in /local/scratch/clo37/anaconda3/envs/vlm_mia_llava_minigpt/lib/python3.12/site-packages (from wandb==0.22.1) (6.0.2)
Requirement already satisfied: requests<3,>=2.0.0 in /local/scratch/clo37/anaconda3/envs/vlm_mia_llava_minigpt/lib/python3.12/site-packages (from wandb==0.22.1) (2.32.4)
Requirement already satisfied: sentry-sdk>=2.0.0 in /local/scratch/clo37/anaconda3/envs/vlm_mia_llava_minigpt/lib/python3.12/site-packages (from wandb==0.22.1) (2.39.0)
Requirement already satisfied: typing-extensions<5,>=4.8 in /local/scratch/clo37/anaconda3/envs/vlm_mia_llava_minigpt/lib/python3.12/site-packages (from wandb==0.22.1) (4.14.1)
Requirement already satisfied: annotated-types>=0.6.0 in /local/scratch/clo37/anaconda3/envs/vlm_mia_llava_minigpt/lib/python3.12/site-packages (from pydantic<3->wandb==0.22.1) (0.7.0)
Requirement already satisfied: pydantic-core==2.33.2 in /local/scratch/clo37/anaconda3/envs/vlm_mia_llava_minigpt/lib/python3.12/site-packages (from pydantic<3->wandb==0.22.1) (2.33.2)
Requirement already satisfied: typing-inspection>=0.4.0 in /local/scratch/clo37/anaconda3/envs/vlm_mia_llava_minigpt/lib/python3.12/site-packages (from pydantic<3->wandb==0.22.1) (0.4.2)
Requirement already satisfied: charset_normalizer<4,>=2 in /local/scratch/clo37/anaconda3/envs/vlm_mia_llava_minigpt/lib/python3.12/site-packages (from requests<3,>=2.0.0->wandb==0.22.1) (3.4.2)
Requirement already satisfied: idna<4,>=2.5 in /local/scratch/clo37/anaconda3/envs/vlm_mia_llava_minigpt/lib/python3.12/site-packages (from requests<3,>=2.0.0->wandb==0.22.1) (3.10)
Requirement already satisfied: urllib3<3,>=1.21.1 in /local/scratch/clo37/anaconda3/envs/vlm_mia_llava_minigpt/lib/python3.12/site-packages (from requests<3,>=2.0.0->wandb==0.22.1) (2.5.0)
Requirement already satisfied: certifi>=2017.4.17 in /local/scratch/clo37/anaconda3/envs/vlm_mia_llava_minigpt/lib/python3.12/site-packages (from requests<3,>=2.0.0->wandb==0.22.1) (2025.7.14)
Requirement already satisfied: gitdb<5,>=4.0.1 in /local/scratch/clo37/anaconda3/envs/vlm_mia_llava_minigpt/lib/python3.12/site-packages (from gitpython!=3.1.29,>=1.0.0->wandb==0.22.1) (4.0.12)
Requirement already satisfied: smmap<6,>=3.0.1 in /local/scratch/clo37/anaconda3/envs/vlm_mia_llava_minigpt/lib/python3.12/site-packages (from gitdb<5,>=4.0.1->gitpython!=3.1.29,>=1.0.0->wandb==0.22.1) (5.0.2)
Downloading wandb-0.22.1-py3-none-manylinux_2_17_x86_64.manylinux2014_x86_64.whl (19.6 MB)
   ━━━━━━━━━━━━━━━━━━━━━━━━━━━━━━━━━━━━━━━━ 19.6/19.6 MB 71.4 MB/s  0:00:00
Installing collected packages: wandb
Successfully installed wandb-0.22.1
Looking in indexes: https://pypi.org/simple, https://download.pytorch.org/whl/cu126
Collecting webdataset==1.0.2
  Downloading webdataset-1.0.2-py3-none-any.whl.metadata (12 kB)
Requirement already satisfied: braceexpand in /local/scratch/clo37/anaconda3/envs/vlm_mia_llava_minigpt/lib/python3.12/site-packages (from webdataset==1.0.2) (0.1.7)
Requirement already satisfied: numpy in /local/scratch/clo37/anaconda3/envs/vlm_mia_llava_minigpt/lib/python3.12/site-packages (from webdataset==1.0.2) (2.2.6)
Requirement already satisfied: pyyaml in /local/scratch/clo37/anaconda3/envs/vlm_mia_llava_minigpt/lib/python3.12/site-packages (from webdataset==1.0.2) (6.0.2)
Downloading webdataset-1.0.2-py3-none-any.whl (74 kB)
Installing collected packages: webdataset
Successfully installed webdataset-1.0.2
Looking in indexes: https://pypi.org/simple, https://download.pytorch.org/whl/cu126
Requirement already satisfied: wheel==0.45.1 in /local/scratch/clo37/anaconda3/envs/vlm_mia_llava_minigpt/lib/python3.12/site-packages (0.45.1)
Looking in indexes: https://pypi.org/simple, https://download.pytorch.org/whl/cu126
Requirement already satisfied: xxhash==3.6.0 in /local/scratch/clo37/anaconda3/envs/vlm_mia_llava_minigpt/lib/python3.12/site-packages (3.6.0)
Looking in indexes: https://pypi.org/simple, https://download.pytorch.org/whl/cu126
Collecting yarl==1.20.1
  Downloading yarl-1.20.1-cp312-cp312-manylinux_2_17_x86_64.manylinux2014_x86_64.whl.metadata (73 kB)
Requirement already satisfied: idna>=2.0 in /local/scratch/clo37/anaconda3/envs/vlm_mia_llava_minigpt/lib/python3.12/site-packages (from yarl==1.20.1) (3.10)
Requirement already satisfied: multidict>=4.0 in /local/scratch/clo37/anaconda3/envs/vlm_mia_llava_minigpt/lib/python3.12/site-packages (from yarl==1.20.1) (6.6.4)
Requirement already satisfied: propcache>=0.2.1 in /local/scratch/clo37/anaconda3/envs/vlm_mia_llava_minigpt/lib/python3.12/site-packages (from yarl==1.20.1) (0.3.2)
Downloading yarl-1.20.1-cp312-cp312-manylinux_2_17_x86_64.manylinux2014_x86_64.whl (355 kB)
Installing collected packages: yarl
  Attempting uninstall: yarl
    Found existing installation: yarl 1.22.0
    Uninstalling yarl-1.22.0:
      Successfully uninstalled yarl-1.22.0
Successfully installed yarl-1.20.1
